organ,AS,volume,is_fully_watertight_before_shrink_wrap,is_fully_watertight_after_shrink_wrap
VH_M_Kidney_L,VH_M_renal_papilla_L_g,36.973,Yes,Yes
VH_M_Kidney_L,VH_M_renal_column_L,18696.6,No,Yes
VH_M_Kidney_L,VH_M_renal_pyramid_L_e,3093.17,Yes,Yes
VH_M_Kidney_L,VH_M_renal_pyramid_L_c,942.968,Yes,Yes
VH_M_Kidney_L,VH_M_renal_papilla_L_h,29.4179,Yes,Yes
VH_M_Kidney_L,VH_M_renal_papilla_L_a,77.3061,Yes,Yes
VH_M_Kidney_L,VH_M_renal_papilla_L_f,20.0219,Yes,Yes
VH_M_Kidney_L,VH_M_renal_pyramid_L_g,2417.46,Yes,Yes
VH_M_Kidney_L,VH_M_renal_pyramid_L_a,6220.84,Yes,Yes
VH_M_Kidney_L,VH_M_renal_papilla_L_e,18.7745,Yes,Yes
VH_M_Kidney_L,VH_M_renal_pyramid_L_b,2631.67,Yes,Yes
VH_M_Kidney_L,VH_M_renal_pyramid_L_h,2112.79,Yes,Yes
VH_M_Kidney_L,VH_M_renal_papilla_L_b,51.209,Yes,Yes
VH_M_Kidney_L,VH_M_renal_papilla_L_i,66.8449,Yes,Yes
VH_M_Kidney_L,VH_M_renal_papilla_L_c,20.0726,Yes,Yes
VH_M_Kidney_L,VH_M_hilum_of_kidney_L,7937.08,Yes,Yes
VH_M_Kidney_L,VH_M_renal_pyramid_L_i,3429.41,Yes,Yes
VH_M_Kidney_L,VH_M_kidney_capsule_L,16600.1,No,Yes
VH_M_Kidney_L,VH_M_renal_pyramid_L_f,3640.12,Yes,Yes
VH_M_Kidney_L,VH_M_outer_cortex_of_kidney_L,128484,No,Yes
VH_M_Kidney_L,VH_M_renal_pyramid_L_d,2004.86,Yes,Yes
VH_M_Kidney_L,VH_M_renal_papilla_L_d,23.9388,Yes,Yes
VH_F_Pelvis,VH_F_ischium_compact_bone_L,15206.9,Yes,Yes
VH_F_Pelvis,VH_F_ilium_compact_bone_R,52437,Yes,Yes
VH_F_Pelvis,VH_F_ilium_spongy_bone_R,274925,Yes,Yes
VH_F_Pelvis,VH_F_ilium_compact_bone_L,53669.1,Yes,Yes
VH_F_Pelvis,VH_F_ischium_spongy_bone_L,71222.3,Yes,Yes
VH_F_Pelvis,VH_F_pubis_spongy_bone_L,51131.6,Yes,Yes
VH_F_Pelvis,VH_F_ischium_compact_bone_R,15104.2,Yes,Yes
VH_F_Pelvis,VH_F_ilium_spongy_bone_L,275049,Yes,Yes
VH_F_Pelvis,VH_F_sacrum,229582,Yes,Yes
VH_F_Pelvis,VH_F_pubis_compact_bone_R,14195.2,Yes,Yes
VH_F_Pelvis,VH_F_pubis_spongy_bone_R,6756.65,No,Yes
VH_F_Pelvis,VH_F_coccyx,3819.14,Yes,Yes
VH_F_Pelvis,VH_F_pubis_compact_bone_L,14295.9,Yes,Yes
VH_F_Pelvis,VH_F_ischium_spongy_bone_R,72791.6,Yes,Yes
VH_M_Ureter_R,VH_M_ureter_R,4998.61,No,Yes
VH_M_Ureter_R,VH_M_minor_calyx_R_g,22.7946,No,Yes
VH_M_Ureter_R,VH_M_major_calyx_R_b,45.0855,No,Yes
VH_M_Ureter_R,VH_M_renal_pelvis_R,115.258,Yes,Yes
VH_M_Ureter_R,VH_M_minor_calyx_R_c,10.5982,No,Yes
VH_M_Ureter_R,VH_M_minor_calyx_R_d,26.4546,No,Yes
VH_M_Ureter_R,VH_M_minor_calyx_R_b,22.4242,No,Yes
VH_M_Ureter_R,VH_M_minor_calyx_R_e,15.6071,No,Yes
VH_M_Ureter_R,VH_M_minor_calyx_R_f,28.7492,No,Yes
VH_M_Ureter_R,VH_M_minor_calyx_R_h,25.6386,No,Yes
VH_M_Ureter_R,VH_M_minor_calyx_R_i,21.8645,No,Yes
VH_M_Ureter_R,VH_M_major_calyx_R_a,236.785,No,Yes
VH_M_Ureter_R,VH_M_minor_calyx_R_a,37.6321,No,Yes
VH_F_Fallopian_Tube_R,VH_F_fibria_of_uterine_tube_R,5.73318,No,Yes
VH_F_Fallopian_Tube_R,VH_F_ampulla_of_uterine_tube_R,75.7861,Yes,Yes
VH_F_Fallopian_Tube_R,VH_F_isthmus_of_fallopian_tube_R,8.53485,No,Yes
VH_F_Fallopian_Tube_R,VH_F_uterine_tube_infundibulum_R,89.3793,Yes,Yes
VH_M_Ureter_L,VH_M_minor_calyx_L_c,14.0648,No,Yes
VH_M_Ureter_L,VH_M_minor_calyx_L_b,18.0069,No,Yes
VH_M_Ureter_L,VH_M_minor_calyx_L_i,18.546,Yes,Yes
VH_M_Ureter_L,VH_M_minor_calyx_L_f,9.33608,No,Yes
VH_M_Ureter_L,VH_M_major_calyx_L_c,55.7369,No,Yes
VH_M_Ureter_L,VH_M_minor_calyx_L_a,21.2469,No,Yes
VH_M_Ureter_L,VH_M_minor_calyx_L_d,17.1502,No,Yes
VH_M_Ureter_L,VH_M_major_calyx_L_a,88.6651,No,Yes
VH_M_Ureter_L,VH_M_minor_calyx_L_g,6.45228,No,Yes
VH_M_Ureter_L,VH_M_minor_calyx_L_h,21.1877,No,Yes
VH_M_Ureter_L,VH_M_minor_calyx_L_e,25.0606,No,Yes
VH_M_Ureter_L,VH_M_major_calyx_L_b,48.7395,No,Yes
VH_M_Ureter_L,VH_M_renal_pelvis_L,266.827,No,Yes
VH_M_Ureter_L,VH_M_ureter_L,5404.55,No,Yes
VH_M_Skin,VH_M_skin,9.85091e+07,Yes,Yes
NIH_M_Lymph_Node,Yao_medulla_of_lymph_node,360.018,No,Yes
NIH_M_Lymph_Node,Yao_blood_vasculature,442.386,No,Yes
NIH_M_Lymph_Node,Yao_afferent_lymphatic_vessel,1.77429,No,Yes
NIH_M_Lymph_Node,Yao_efferent_lymph_node,27.871,Yes,Yes
NIH_M_Lymph_Node,Yao_paracortex,265.458,Yes,Yes
NIH_M_Lymph_Node,Yao_capsule_of_lymph_node,868.339,No,Yes
NIH_M_Lymph_Node,Yao_follicles,87.2173,Yes,Yes
VH_M_Eye_L,VH_M_corneo_scleral_junction_L,9.34386,Yes,Yes
VH_M_Eye_L,VH_M_optic_disc_L,1.60026,No,Yes
VH_M_Eye_L,VH_M_iris_L,10.11,Yes,Yes
VH_M_Eye_L,VH_M_ora_serrata_of_retina_L,2.12505,No,Yes
VH_M_Eye_L,VH_M_ciliary_processes_L,26.4753,No,Yes
VH_M_Eye_L,VH_M_macula_lutea_L,4.21035,Yes,Yes
VH_M_Eye_L,VH_M_cornea_L,86.6993,Yes,Yes
VH_M_Eye_L,VH_M_trabecular_meshwork_L,2.4269,Yes,Yes
VH_M_Eye_L,VH_M_lens_L,113.045,Yes,Yes
VH_M_Eye_L,VH_M_palpebral_conjunctiva_of_lower_eyelid_L,25.8503,No,Yes
VH_M_Eye_L,VH_M_schlemms_canal_L,0.461736,Yes,Yes
VH_M_Eye_L,VH_M_sclera_L,1779.23,Yes,Yes
VH_M_Eye_L,VH_M_bulbar_conjunctiva_L,20.4689,No,Yes
VH_M_Eye_L,VH_M_palpebral_conjunctiva_of_upper_eyelid_L,9.60606,Yes,Yes
VH_M_Eye_L,VH_M_vitreous_humor_L,4852.19,Yes,Yes
VH_M_Eye_L,VH_M_aqueous_humor_L,86.3592,Yes,Yes
VH_M_Eye_L,VH_M_fovea_L,0.258854,Yes,Yes
VH_M_Eye_L,VH_M_ciliary_muscle_L,36.985,No,Yes
VH_M_Eye_L,VH_M_retina_L,408.916,Yes,Yes
VH_M_Eye_L,VH_M_ciliary_body_L,55.7942,Yes,Yes
VH_M_Eye_L,VH_M_suspensory_ligament_of_lens_L,42.7542,No,Yes
VH_M_Eye_L,VH_M_pupil_L,0.914185,No,Yes
VH_M_Eye_L,VH_M_optic_choroid_L,326.564,Yes,Yes
VH_M_Spleen,VH_M_gastric_surface_of_spleen,2462.72,No,Yes
VH_M_Spleen,VH_M_hilum_of_spleen,2303.53,No,Yes
VH_M_Spleen,VH_M_diaphragmatic_surface_of_spleen,351944,Yes,Yes
VH_M_Spleen,VH_M_colic_surface_of_spleen,269.255,No,Yes
VH_M_Spleen,VH_M_renal_surface_of_spleen,18654.4,Yes,Yes
VH_F_Uterus,VH_F_abdominal_ostium_of_uterine_tube,-12.3691,Yes,Yes
VH_F_Uterus,VH_F_cornua,320.855,Yes,Yes
VH_F_Uterus,VH_F_anterior_wall_of_uterus,9162.57,No,Yes
VH_F_Uterus,VH_F_lower_uterine_segment,2888.2,Yes,Yes
VH_F_Uterus,VH_F_external_cervical_os,-95.8269,Yes,Yes
VH_F_Uterus,VH_F_internal_cervical_os,-24.37,Yes,Yes
VH_F_Uterus,VH_F_posterior_wall_of_uterus,6698.93,No,Yes
VH_F_Uterus,VH_F_fundus_of_uterus,313.973,No,Yes
VH_F_Uterus,VH_F_body_of_uterus,11798.2,Yes,Yes
VH_F_Uterus,VH_F_cervix,305.154,No,Yes
VH_F_Thymus,VH_F_thymus_lobe_L,38841.8,No,Yes
VH_F_Thymus,VH_F_thymus_lobe_R,23302.4,Yes,Yes
VH_F_Liver,VH_F_right_posterosuperior_segment,351864,Yes,Yes
VH_F_Liver,VH_F_hepataduodenal_ligament,2562.1,Yes,Yes
VH_F_Liver,VH_F_triangular_ligament_of_liver,93.3738,No,Yes
VH_F_Liver,VH_F_esophageal_impression_of_liver,-2030.29,Yes,Yes
VH_F_Liver,VH_F_round_ligament_of_liver,2051.1,Yes,Yes
VH_F_Liver,VH_F_right_posteroinferior_segment,186729,Yes,Yes
VH_F_Liver,VH_F_ligamentum_venosum,1950.25,Yes,Yes
VH_F_Liver,VH_F_right_anterosuperior_segment,7229.72,No,Yes
VH_F_Liver,VH_F_quadrate_lobe,2089.22,No,Yes
VH_F_Liver,VH_F_left_superomedial_segment,335823,Yes,Yes
VH_F_Liver,VH_F_left_inferomedial_segment,1344.4,No,Yes
VH_F_Liver,VH_F_left_anterolateral_segment,8548.09,No,Yes
VH_F_Liver,VH_F_coronary_ligament_of_liver,4994.8,Yes,Yes
VH_F_Liver,VH_F_bare_area_of_liver,397088,Yes,Yes
VH_F_Liver,VH_F_renal_impression_of_liver,704.596,No,Yes
VH_F_Liver,VH_F_left_superomedial_segment1,4848.46,No,Yes
VH_F_Liver,VH_F_duodenal_impression_of_liver,11.584,No,Yes
VH_F_Liver,VH_F_diaphragmatic_surface_of_liver,695456,Yes,Yes
VH_F_Liver,VH_F_caudate_lobe,6056.04,No,Yes
VH_F_Liver,VH_F_gastric_impression_of_liver,4581.14,No,Yes
VH_F_Liver,VH_F_colic_impression_of_liver,428.307,No,Yes
VH_F_Liver,VH_F_capsule_of_the_liver,2.16361e+06,Yes,Yes
VH_F_Liver,VH_F_porta_hepatis,-13934.1,Yes,Yes
VH_F_Liver,VH_F_falciform_ligament,720.303,Yes,Yes
VH_F_Liver,VH_F_suprarenal_impression_of_liver,83.0738,No,Yes
VH_F_Liver,VH_F_right_anteroinferior_segment,243216,Yes,Yes
VH_F_Eye_R,VH_F_retina_R,408.907,Yes,Yes
VH_F_Eye_R,VH_F_ciliary_processes_R,26.4429,No,Yes
VH_F_Eye_R,VH_F_schlemms_canal_R,0.461738,Yes,Yes
VH_F_Eye_R,VH_F_iris_R,10.1662,Yes,Yes
VH_F_Eye_R,VH_F_lens_R,112.793,Yes,Yes
VH_F_Eye_R,VH_F_optic_disc_R,1.60047,No,Yes
VH_F_Eye_R,VH_F_suspensory_ligament_of_lens_R,2.92957,Yes,Yes
VH_F_Eye_R,VH_F_ciliary_body_R,55.7942,Yes,Yes
VH_F_Eye_R,VH_F_fovea_R,0.258864,Yes,Yes
VH_F_Eye_R,VH_F_ora_serrata_of_retina_R,2.11274,No,Yes
VH_F_Eye_R,VH_F_bulbar_conjunctiva_R,20.4258,No,Yes
VH_F_Eye_R,VH_F_aqueous_humor_R,91.1723,No,Yes
VH_F_Eye_R,VH_F_cornea_R,86.6993,Yes,Yes
VH_F_Eye_R,VH_F_palpebral_conjunctiva_of_right_lower_eyelid,25.8513,No,Yes
VH_F_Eye_R,VH_F_trabecular_meshwork_R,2.42689,Yes,Yes
VH_F_Eye_R,VH_F_ciliary_muscle_R,37.0345,No,Yes
VH_F_Eye_R,VH_F_optic_choroid_R,326.563,Yes,Yes
VH_F_Eye_R,VH_F_vitreous_humor_R,4867.52,Yes,Yes
VH_F_Eye_R,VH_F_sclera_R,1779.22,Yes,Yes
VH_F_Eye_R,VH_F_macula_lutea_R,4.21032,Yes,Yes
VH_F_Eye_R,VH_F_palpebral_conjunctiva_of_right_upper_eyelid,9.60615,Yes,Yes
VH_F_Eye_R,VH_F_pupil_R,0.914182,No,Yes
VH_F_Eye_R,VH_F_corneo_scleral_junction_R,9.34392,Yes,Yes
VH_F_Heart,VH_F_papillary_muscle_of_heart_posmed,4401.5,Yes,Yes
VH_F_Heart,VH_F_pulmonary_valve,615.399,No,Yes
VH_F_Heart,VH_F_papillary_muscle_of_heart_ant,711.205,Yes,Yes
VH_F_Heart,VH_F_right_cardiac_atrium,33225.9,Yes,Yes
VH_F_Heart,VH_F_papillary_muscle_of_heart_pos,67.9303,Yes,Yes
VH_F_Heart,VH_F_left_cardiac_atrium,19839.2,No,Yes
VH_F_Heart,VH_F_interventricular_septum,65894.5,Yes,Yes
VH_F_Heart,VH_F_aortic_valve,3612.98,Yes,Yes
VH_F_Heart,VH_F_papillary_muscle_of_heart_antlat,6905.42,Yes,Yes
VH_F_Heart,VH_F_papillary_muscle_of_heart_med,92.7592,Yes,Yes
VH_F_Heart,VH_F_mitral_valve,1963.19,No,Yes
VH_F_Heart,VH_F_left_ventricle,229313,Yes,Yes
VH_F_Heart,VH_F_tricuspid_valve,4479.98,No,Yes
VH_F_Heart,VH_F_right_ventricle,71066.2,No,Yes
VH_F_Urinary_Bladder,VH_F_trigone_of_urinary_bladder,76.3035,No,Yes
VH_F_Urinary_Bladder,VH_F_urinary_bladder_neck_smooth_muscle,3.78223,No,Yes
VH_F_Urinary_Bladder,VH_F_fundus_of_urinary_bladder_base,4652.8,No,Yes
VH_F_Urinary_Bladder,VH_F_ureteral_orifice_L,-6.5282,Yes,Yes
VH_F_Urinary_Bladder,VH_F_fundus_of_urinary_bladder_dome,997.4,No,Yes
VH_F_Urinary_Bladder,VH_F_ureteral_orifice_R,-5.61788,Yes,Yes
VH_F_Ovary_L,VH_F_left_ovary,1000.79,Yes,Yes
VH_F_Spleen,VH_F_gastric_surface_of_spleen,14434.8,Yes,Yes
VH_F_Spleen,VH_F_hilum_of_spleen,699.517,No,Yes
VH_F_Spleen,VH_F_renal_surface_of_spleen,553.968,No,Yes
VH_F_Spleen,VH_F_colic_surface_of_spleen,227.98,Yes,Yes
VH_F_Spleen,VH_F_diaphragmatic_surface_of_spleen,6550.25,No,Yes
3d-vh-f-mammary-gland-r,VH_F_main_lactiferous_ducts_R,3451.16,No,Yes
3d-vh-f-mammary-gland-r,VH_F_nipple_R,13.337,No,Yes
3d-vh-f-mammary-gland-r,VH_F_main_lactiferous_sinuses_R,178.163,No,Yes
3d-vh-f-mammary-gland-r,VH_F_areola_R,217.697,No,Yes
3d-vh-f-mammary-gland-r,VH_F_fat_R,770480,No,Yes
3d-vh-f-mammary-gland-r,VH_F_areolar_tubercles_R,18.0922,No,Yes
3d-vh-f-mammary-gland-r,VH_F_mammary_lobes_R,35361.7,No,Yes
3d-vh-f-mammary-gland-r,VH_F_suspensory_ligaments_R,485.113,No,Yes
VH_M_Blood_Vasculature,VH_M_right_marginal_artery,20.6996,Yes,Yes
VH_M_Blood_Vasculature,VH_M_descending_aorta_b,28598.8,Yes,Yes
VH_M_Blood_Vasculature,VH_M_internal_pudendal_vein_R,343.518,Yes,Yes
VH_M_Blood_Vasculature,VH_M_sigmoid_artery_b,160.823,Yes,Yes
VH_M_Blood_Vasculature,VH_M_marginal_artery_of_Drummond,1852.23,Yes,Yes
VH_M_Blood_Vasculature,VH_M_diagonal_branch_of_anterior_descending_branch_of_left_coronary_artery,22.2524,Yes,Yes
VH_M_Blood_Vasculature,VH_M_inferior_vena_cava_a,3618.25,No,Yes
VH_M_Blood_Vasculature,VH_M_opthalmic_artery_R,51.8602,No,Yes
VH_M_Blood_Vasculature,VH_M_pulmonary_artery_R,872.619,Yes,Yes
VH_M_Blood_Vasculature,VH_M_middle_hepatic_vein,2047.89,No,Yes
VH_M_Blood_Vasculature,VH_M_middle_colic_artery,423.484,Yes,Yes
VH_M_Blood_Vasculature,VH_M_pulmonary_vein_R_inf,291.521,Yes,Yes
VH_M_Blood_Vasculature,VH_M_left_subclavian_artery_b,322.233,Yes,Yes
VH_M_Blood_Vasculature,VH_M_left_common_carotid_artery_a,244.317,Yes,Yes
VH_M_Blood_Vasculature,VH_M_central_retinal_artery_R,0.885297,Yes,Yes
VH_M_Blood_Vasculature,VH_M_right_hepatic_artery,36.1429,No,Yes
VH_M_Blood_Vasculature,VH_M_right_renal_artery,482.014,Yes,Yes
VH_M_Blood_Vasculature,VH_M_right_colic_artery,398.96,Yes,Yes
VH_M_Blood_Vasculature,VH_M_middle_colic_vein,52.7261,Yes,Yes
VH_M_Blood_Vasculature,VH_M_left_common_carotid_artery_b,1064.49,Yes,Yes
VH_M_Blood_Vasculature,VH_M_inferior_ophthalmic_vein_L,29.0935,No,Yes
VH_M_Blood_Vasculature,VH_M_inferior_ophthalmic_vein_R,29.3548,No,Yes
VH_M_Blood_Vasculature,VH_M_sigmoid_vein,1364.95,Yes,Yes
VH_M_Blood_Vasculature,VH_M_common_iliac_vein_L,7183.72,Yes,Yes
VH_M_Blood_Vasculature,VH_M_right_posterior_descending_artery,71.731,Yes,Yes
VH_M_Blood_Vasculature,VH_M_cystic_artery,50.0077,Yes,Yes
VH_M_Blood_Vasculature,VH_M_coronary_sinus,2375.97,Yes,Yes
VH_M_Blood_Vasculature,VH_M_cystic_vein,78.2064,Yes,Yes
VH_M_Blood_Vasculature,VH_M_brachiocephalic_artery_b,644.016,No,Yes
VH_M_Blood_Vasculature,VH_M_left_colic_artery,479.571,Yes,Yes
VH_M_Blood_Vasculature,VH_M_superior_ophthalmic_vein_R,34.6312,No,Yes
VH_M_Blood_Vasculature,VH_M_right_coronary_artery,356.747,No,Yes
VH_M_Blood_Vasculature,VH_M_aortic_arch,19653,Yes,Yes
VH_M_Blood_Vasculature,VH_M_inferior_vena_cava_b,41844.7,No,Yes
VH_M_Blood_Vasculature,VH_M_left_hepatic_vein,1531.64,Yes,Yes
VH_M_Blood_Vasculature,VH_M_inferior_mesenteric_artery,670.876,Yes,Yes
VH_M_Blood_Vasculature,VH_M_posterior_vein_of_left_ventricle,134.237,Yes,Yes
VH_M_Blood_Vasculature,VH_M_left_marginal_branch,22.2216,Yes,Yes
VH_M_Blood_Vasculature,VH_M_external_iliac_vein_L,3785.62,Yes,Yes
VH_M_Blood_Vasculature,VH_M_left_coronary_artery,
VH_M_Blood_Vasculature,VH_M_superior_vena_cava,6182.7,No,Yes
VH_M_Blood_Vasculature,VH_M_brachiocephalic_vein_L,2024.27,Yes,Yes
VH_M_Blood_Vasculature,VH_M_ileocolic_artery,366.128,Yes,Yes
VH_M_Blood_Vasculature,VH_M_superior_ophthalmic_vein_L,34.4792,No,Yes
VH_M_Blood_Vasculature,VH_M_inferior_rectal_vein_L,131.11,Yes,Yes
VH_M_Blood_Vasculature,VH_M_renal_vein_L,6042.6,Yes,Yes
VH_M_Blood_Vasculature,VH_M_pulmonary_vein_L_inf,405.839,Yes,Yes
VH_M_Blood_Vasculature,VH_M_renal_vein_R,1278.87,Yes,Yes
VH_M_Blood_Vasculature,VH_M_right_branch_of_portal_vein,2777.24,Yes,Yes
VH_M_Blood_Vasculature,VH_M_central_retinal_artery_L,0.887308,Yes,Yes
VH_M_Blood_Vasculature,VH_M_anterior_segmental_right_hepatic_artery,130.497,Yes,Yes
VH_M_Blood_Vasculature,VH_M_right_hepatic_vein,2780.81,Yes,Yes
VH_M_Blood_Vasculature,VH_M_opthalmic_artery_L,51.8048,No,Yes
VH_M_Blood_Vasculature,VH_M_sigmoid_artery_a,150.649,Yes,Yes
VH_M_Blood_Vasculature,VH_M_anterior_cardiac_vein,124.867,No,Yes
VH_M_Blood_Vasculature,VH_M_central_retinal_vein_L,0.764837,Yes,Yes
VH_M_Blood_Vasculature,VH_M_common_iliac_vein_R,6220.31,Yes,Yes
VH_M_Blood_Vasculature,VH_M_inferior_pancreaticoduodenal_vein,90.638,Yes,Yes
VH_M_Blood_Vasculature,VH_M_posterior_segmental_right_hepatic_artery,84.0813,No,Yes
VH_M_Blood_Vasculature,VH_M_sigmoid_artery_c,272.228,Yes,Yes
VH_M_Blood_Vasculature,VH_M_left_subclavian_artery_a,559.524,Yes,Yes
VH_M_Blood_Vasculature,VH_M_right_colic_vein,264.42,Yes,Yes
VH_M_Blood_Vasculature,VH_M_pulmonary_trunk,2371.57,No,Yes
VH_M_Blood_Vasculature,VH_M_brachiocephalic_artery_a,876.202,Yes,Yes
VH_M_Blood_Vasculature,VH_M_left_renal_artery,320.439,Yes,Yes
VH_M_Blood_Vasculature,VH_M_inferior_mesenteric_vein,4371.28,Yes,Yes
VH_M_Blood_Vasculature,VH_M_internal_pudendal_vein_L,270.623,Yes,Yes
VH_M_Blood_Vasculature,VH_M_external_iliac_vein_R,4248.79,Yes,Yes
VH_M_Blood_Vasculature,VH_M_middle_cardiac_vein,231.938,Yes,Yes
VH_M_Blood_Vasculature,VH_M_central_retinal_vein_R,0.764881,Yes,Yes
VH_M_Blood_Vasculature,VH_M_ileocolic_vein,1143.03,Yes,Yes
VH_M_Blood_Vasculature,VH_M_ophthalmic_vein_L,1.57769,No,Yes
VH_M_Blood_Vasculature,VH_M_inferior_rectal_vein_R,211.446,Yes,Yes
VH_M_Blood_Vasculature,VH_M_portal_vein,7812.97,Yes,Yes
VH_M_Blood_Vasculature,VH_M_celiac_trunk,1097.95,Yes,Yes
VH_M_Blood_Vasculature,VH_M_pulmonary_vein_L_sup,259.016,Yes,Yes
VH_M_Blood_Vasculature,VH_M_superior_mesenteric_vein,7138.83,Yes,Yes
VH_M_Blood_Vasculature,VH_M_left_colic_vein,102.059,Yes,Yes
VH_M_Blood_Vasculature,VH_M_middle_hepatic_artery_branch_of_left_hepatic_artery,127.281,Yes,Yes
VH_M_Blood_Vasculature,VH_M_left_branch_of_portal_vein,1033.87,Yes,Yes
VH_M_Blood_Vasculature,VH_M_common_hepatic_artery,494.384,Yes,Yes
VH_M_Blood_Vasculature,VH_M_diagonal_branch_of_left_anterior_descending_artery,51.2027,Yes,Yes
VH_M_Blood_Vasculature,VH_M_ophthalmic_vein_R,1.58134,No,Yes
VH_M_Blood_Vasculature,VH_M_middle_rectal_vein_L,154.841,Yes,Yes
VH_M_Blood_Vasculature,VH_M_superior_mesenteric_artery,3549.25,Yes,Yes
VH_M_Blood_Vasculature,VH_M_oblique_vein_of_left_atrium,14.1801,Yes,Yes
VH_M_Blood_Vasculature,VH_M_internal_iliac_vein_L,8350.48,Yes,Yes
VH_M_Blood_Vasculature,VH_M_left_anterior_descending_artery,86.8763,Yes,Yes
VH_M_Blood_Vasculature,VH_M_left_hepatic_artery,230.412,Yes,Yes
VH_M_Blood_Vasculature,VH_M_splenic_artery,1166.02,Yes,Yes
VH_M_Blood_Vasculature,VH_M_brachiocephalic_vein_R,1350.54,Yes,Yes
VH_M_Blood_Vasculature,VH_M_median_sacral_vein,778.098,Yes,Yes
VH_M_Blood_Vasculature,VH_M_internal_iliac_vein_R,8732.98,Yes,Yes
VH_M_Blood_Vasculature,VH_M_small_cardiac_vein,108.578,Yes,Yes
VH_M_Blood_Vasculature,VH_M_pulmonary_artery_L,2402.12,No,Yes
VH_M_Blood_Vasculature,VH_M_middle_rectal_vein_R,73.3469,Yes,Yes
VH_M_Blood_Vasculature,VH_M_ascending_aorta,11619.7,Yes,Yes
VH_M_Blood_Vasculature,VH_M_proper_hepatic_artery,396.517,Yes,Yes
VH_M_Blood_Vasculature,VH_M_splenic_vein,7324.78,Yes,Yes
VH_M_Blood_Vasculature,VH_M_pulmonary_vein_R_sup,237.785,Yes,Yes
VH_M_Blood_Vasculature,VH_M_descending_aorta_a,3516.16,No,Yes
VH_M_Blood_Vasculature,VH_M_hepatic_portal_vein,5809.56,Yes,Yes
VH_M_Blood_Vasculature,VH_M_great_cardiac_vein,191.392,Yes,Yes
VH_M_Blood_Vasculature,VH_M_superior_rectal_vein,1513.15,No,Yes
Allen_F_Brain,Allen_paracingulate_gyrus_L,3536.89,No,Yes
Allen_F_Brain,Allen_inferior_temporal_gyrus_L,16259.4,No,Yes
Allen_F_Brain,Allen_midbrain_tegmentum_L,2612.7,No,Yes
Allen_F_Brain,Allen_pretectal_region_R,139.358,Yes,Yes
Allen_F_Brain,Allen_piriform_region_L,154.94,No,Yes
Allen_F_Brain,Allen_inferior_colliculus_R,270.928,Yes,Yes
Allen_F_Brain,Allen_pulvinar_of_thalamus_R,1391.95,Yes,Yes
Allen_F_Brain,Allen_gyrus_ambiens_L,199.768,Yes,Yes
Allen_F_Brain,Allen_mammillothalamic_tract_L,39.0765,Yes,Yes
Allen_F_Brain,Allen_cingulate_gyrus_rostral_anterior_part_L,6969.8,Yes,Yes
Allen_F_Brain,Allen_cingulate_gyrus_caudal_posterior_part_R,9509.99,No,Yes
Allen_F_Brain,Allen_mediodorsal_nucleus_of_thalamus_L,912.957,Yes,Yes
Allen_F_Brain,Allen_medial_geniculate_nuclei_L,81.0925,Yes,Yes
Allen_F_Brain,Allen_lingual_gyrus_medial_occipitotemporal_gyrus_L,13827.7,Yes,Yes
Allen_F_Brain,Allen_ventral_posterior_medial_nucleus_L,97.4713,Yes,Yes
Allen_F_Brain,Allen_corpus_callosum_L,9230.18,Yes,Yes
Allen_F_Brain,Allen_superior_cerebellar_peduncle_brachium_conjunctivum_L,230.763,Yes,Yes
Allen_F_Brain,Allen_inferior_colliculus_L,270.9,Yes,Yes
Allen_F_Brain,Allen_gyrus_rectus_straight_gyrus_L,3265.88,Yes,Yes
Allen_F_Brain,Allen_frontal_operculum_L,1645.72,Yes,Yes
Allen_F_Brain,Allen_inferior_horn_of_lateral_ventricle_R,1012.78,No,Yes
Allen_F_Brain,Allen_anterior_amygdaloid_area_L,88.7596,Yes,Yes
Allen_F_Brain,Allen_central_canal_of_medulla_oblongata_L,6.7669,Yes,Yes
Allen_F_Brain,Allen_olfactory_tract_L,39.8338,Yes,Yes
Allen_F_Brain,Allen_superior_colliculus_L,248.609,Yes,Yes
Allen_F_Brain,Allen_anterior_parahippocampal_gyrus_R,2294.9,Yes,Yes
Allen_F_Brain,Allen_ventral_lateral_nucleus_of_thalamus_L,804.292,Yes,Yes
Allen_F_Brain,Allen_amygdalohippocampal_area_R,43.2992,Yes,Yes
Allen_F_Brain,Allen_medial_geniculate_nuclei_R,81.0806,Yes,Yes
Allen_F_Brain,Allen_anterior_intermediate_orbital_gyrus_R,2711.22,Yes,Yes
Allen_F_Brain,Allen_cerebral_aqueduct_R,87.1833,Yes,Yes
Allen_F_Brain,Allen_bed_nucleus_of_stria_terminalis_L,327.872,No,Yes
Allen_F_Brain,Allen_anterior_horn_of_lateral_ventricle_L,4367.35,Yes,Yes
Allen_F_Brain,Allen_nucleus_accumbens_R,530.554,Yes,Yes
Allen_F_Brain,Allen_supramarginal_gyrus_L,14238.1,Yes,Yes
Allen_F_Brain,Allen_precuneus_L,19158.8,No,Yes
Allen_F_Brain,Allen_posterior_parahippocampal_gyrus_R,1598.75,Yes,Yes
Allen_F_Brain,Allen_frontal_agranular_insular_cortex_area_Fl_L,24.0699,Yes,Yes
Allen_F_Brain,Allen_paracentral_lobule_caudal_part_R,2312.49,Yes,Yes
Allen_F_Brain,Allen_hypothalamus_L,42.2191,No,Yes
Allen_F_Brain,Allen_external_segment_of_globus_pallidus_R,751.083,Yes,Yes
Allen_F_Brain,Allen_nucleus_accumbens_L,530.571,Yes,Yes
Allen_F_Brain,Allen_posterior_horn_of_lateral_ventricle_L,233.844,Yes,Yes
Allen_F_Brain,Allen_subcallosal_gyrus_parolfactory_gyrus_L,668.786,Yes,Yes
Allen_F_Brain,Allen_midbrain_tegmentum_R,2612.64,No,Yes
Allen_F_Brain,Allen_medial_nucleus_L,38.4638,Yes,Yes
Allen_F_Brain,Allen_frontal_agranular_insular_cortex_area_Fl_R,24.0647,Yes,Yes
Allen_F_Brain,Allen_middle_frontal_gyrus_R,25329.1,Yes,Yes
Allen_F_Brain,Allen_inferior_olive_L,189.897,Yes,Yes
Allen_F_Brain,VH_F_optic_chiasm,399.816,Yes,Yes
Allen_F_Brain,Allen_red_nucleus_L,355.701,Yes,Yes
Allen_F_Brain,Allen_frontomarginal_gyrus_L,6685.37,Yes,Yes
Allen_F_Brain,Allen_ventral_anterior_nucleus_of_thalamus_R,914.663,No,Yes
Allen_F_Brain,Allen_anterior_olfactory_nucleus_L,99.4472,Yes,Yes
Allen_F_Brain,Allen_habenular_nuclei_L,54.7365,Yes,Yes
Allen_F_Brain,Allen_pulvinar_of_thalamus_L,1391.77,Yes,Yes
Allen_F_Brain,Allen_inferior_cerebellar_peduncle_L,152.966,Yes,Yes
Allen_F_Brain,Allen_frontal_pole_L,2018.33,Yes,Yes
Allen_F_Brain,Allen_body_of_lateral_ventricle_L,3326.69,Yes,Yes
Allen_F_Brain,Allen_pretectal_region_L,139.375,Yes,Yes
Allen_F_Brain,Allen_perirhinal_gyrus_rostral_part_of_FuGt_R,1734.65,Yes,Yes
Allen_F_Brain,Allen_inferior_occipital_gyrus_L,11447.2,Yes,Yes
Allen_F_Brain,Allen_inferior_frontal_gyrus_opercular_part_R,5396.71,Yes,Yes
Allen_F_Brain,Allen_putamen_R,5358.48,Yes,Yes
Allen_F_Brain,Allen_temporal_pole_R,4340.22,Yes,Yes
Allen_F_Brain,Allen_anterior_commissure_L,178.007,Yes,Yes
Allen_F_Brain,Allen_tegmentum_of_medulla_oblongata_R,2013.22,Yes,Yes
Allen_F_Brain,Allen_optic_radiation_R,185.609,Yes,Yes
Allen_F_Brain,Allen_cerebellar_deep_nuclei_R,859.843,Yes,Yes
Allen_F_Brain,Allen_lateral_orbital_gyrus_R,4848.19,Yes,Yes
Allen_F_Brain,Allen_claustrum_R,1513.11,No,Yes
Allen_F_Brain,Allen_basomedial_nucleus_accessory_basal_nucleus_L,115.201,Yes,Yes
Allen_F_Brain,Allen_substantia_nigra_L,254.036,Yes,Yes
Allen_F_Brain,Allen_superior_occipital_gyrus_L,13809.9,No,Yes
Allen_F_Brain,Allen_parafascicular_nucleus_of_thalamus_R,74.8756,No,Yes
Allen_F_Brain,Allen_postcentral_gyrus_L,15304.9,Yes,Yes
Allen_F_Brain,Allen_precuneus_R,19148.5,No,Yes
Allen_F_Brain,Allen_occipitotemporal_fusiform_gyrus_temporal_part_R,8048.8,Yes,Yes
Allen_F_Brain,Allen_tail_of_caudate_R,268.651,No,Yes
Allen_F_Brain,Allen_anterior_olfactory_nucleus_R,99.3795,Yes,Yes
Allen_F_Brain,Allen_amygdalohippocampal_area_L,43.3067,Yes,Yes
Allen_F_Brain,Allen_inferior_frontal_gyrus_triangular_part_L,7110.99,Yes,Yes
Allen_F_Brain,Allen_thalamus_L,2894.73,No,Yes
Allen_F_Brain,Allen_body_of_hippocampus_R,910.358,Yes,Yes
Allen_F_Brain,Allen_preoptic_region_of_HTH_L,117.183,Yes,Yes
Allen_F_Brain,Allen_anterior_cortical_nucleus_L,151.325,Yes,Yes
Allen_F_Brain,Allen_medial_orbital_gyrus_R,3553.83,Yes,Yes
Allen_F_Brain,Allen_lateral_orbital_gyrus_L,4849.44,Yes,Yes
Allen_F_Brain,Allen_atrium_of_lateral_ventricle_R,1761.78,Yes,Yes
Allen_F_Brain,Allen_fourth_ventricle_R,1164.22,Yes,Yes
Allen_F_Brain,Allen_dorsal_lateral_geniculate_nucleus_L,119.118,Yes,Yes
Allen_F_Brain,Allen_perirhinal_gyrus_rostral_part_of_FuGt_L,1734.13,Yes,Yes
Allen_F_Brain,Allen_lateral_occipitotemporal_fusiform_gyrus_occipital_part_R,2463.44,Yes,Yes
Allen_F_Brain,Allen_septal_nuclei_L,320.267,No,Yes
Allen_F_Brain,Allen_basolateral_nucleus_basal_nucleus_L,388.784,Yes,Yes
Allen_F_Brain,Allen_posteroventral_putamen_R,10026.1,Yes,Yes
Allen_F_Brain,Allen_pontine_tegmentum_R,2182.67,No,Yes
Allen_F_Brain,Allen_occipital_pole_R,2598.39,No,Yes
Allen_F_Brain,Allen_tail_of_hippocampus_L,952.861,Yes,Yes
Allen_F_Brain,Allen_amygdaloid_complex_L,330.479,No,Yes
Allen_F_Brain,Allen_frontomarginal_gyrus_R,6684.55,Yes,Yes
Allen_F_Brain,Allen_red_nucleus_R,355.688,Yes,Yes
Allen_F_Brain,Allen_white_matter_of_forebrain_L,370128,No,Yes
Allen_F_Brain,Allen_precentral_gyrus_L,18898.6,Yes,Yes
Allen_F_Brain,Allen_mammillary_region_of_HTH_L,313.224,Yes,Yes
Allen_F_Brain,Allen_third_ventricle_R,568.851,Yes,Yes
Allen_F_Brain,Allen_tail_of_caudate_L,268.468,No,Yes
Allen_F_Brain,Allen_lateral_posterior_nucleus_of_thalamus_R,356.37,Yes,Yes
Allen_F_Brain,Allen_cerebral_peduncle_crus_cerebri_R,1112.94,Yes,Yes
Allen_F_Brain,Allen_cerebral_peduncle_crus_cerebri_L,1112.88,Yes,Yes
Allen_F_Brain,Allen_subthalamic_nucleus_R,134.367,Yes,Yes
Allen_F_Brain,Allen_superior_temporal_gyrus_R,13343.6,No,Yes
Allen_F_Brain,Allen_lateral_posterior_nucleus_of_thalamus_L,356.308,Yes,Yes
Allen_F_Brain,Allen_white_matter_of_hindbrain_R,16194.5,No,Yes
Allen_F_Brain,Allen_midline_nuclear_complex_R,272.735,Yes,Yes
Allen_F_Brain,Allen_parietal_operculum_R,4488.63,Yes,Yes
Allen_F_Brain,Allen_transverse_temporal_gyrus_Heschls_gyrus_L,2230.75,Yes,Yes
Allen_F_Brain,Allen_posterior_horn_of_lateral_ventricle_R,233.921,Yes,Yes
Allen_F_Brain,Allen_olfactory_tract_R,39.801,Yes,Yes
Allen_F_Brain,Allen_anterior_intermediate_orbital_gyrus_L,2711.02,Yes,Yes
Allen_F_Brain,Allen_anterior_parahippocampal_gyrus_L,2294.4,Yes,Yes
Allen_F_Brain,Allen_thalamus_R,2897.32,No,Yes
Allen_F_Brain,Allen_paracentral_lobule_caudal_part_L,2312.45,Yes,Yes
Allen_F_Brain,Allen_supraoptic_region_of_HTH_L,172.582,No,Yes
Allen_F_Brain,Allen_ventral_posterior_lateral_nucleus_L,536.416,Yes,Yes
Allen_F_Brain,Allen_fornix_L,423.544,Yes,Yes
Allen_F_Brain,Allen_tuberal_region_of_HTH_R,391.323,Yes,Yes
Allen_F_Brain,Allen_occipital_pole_L,2599.81,No,Yes
Allen_F_Brain,Allen_paracentral_lobule_rostral_part_L,3849.21,Yes,Yes
Allen_F_Brain,Allen_lateral_hemisphere_of_cerebellum_L,43721.9,No,Yes
Allen_F_Brain,Allen_planum_temporale_R,2501.92,Yes,Yes
Allen_F_Brain,Allen_inferior_olive_R,189.941,Yes,Yes
Allen_F_Brain,Allen_occipitotemporal_fusiform_gyrus_temporal_part_L,8050.19,Yes,Yes
Allen_F_Brain,Allen_angular_gyrus_R,15281.5,Yes,Yes
Allen_F_Brain,Allen_paravermis_of_cerebellum_L,17155.4,No,Yes
Allen_F_Brain,Allen_posterior_parahippocampal_gyrus_L,1598.6,Yes,Yes
Allen_F_Brain,Allen_frontal_pole_R,2017.66,Yes,Yes
Allen_F_Brain,Allen_central_nuclear_group_R,55.7237,Yes,Yes
Allen_F_Brain,Allen_cerebellar_deep_nuclei_L,859.859,Yes,Yes
Allen_F_Brain,Allen_head_of_hippocampus_R,1539.17,Yes,Yes
Allen_F_Brain,Allen_middle_cerebellar_peduncle_L,1122.03,Yes,Yes
Allen_F_Brain,Allen_fourth_ventricle_L,1164.16,Yes,Yes
Allen_F_Brain,Allen_cerebellar_vermis_L,5548.51,No,Yes
Allen_F_Brain,Allen_precentral_gyrus_R,18896.8,Yes,Yes
Allen_F_Brain,Allen_temporal_agranular_insular_cortex_area_Tl_R,167.031,Yes,Yes
Allen_F_Brain,Allen_optic_tract_L,168.879,Yes,Yes
Allen_F_Brain,Allen_inferior_frontal_gyrus_opercular_part_L,5397.27,Yes,Yes
Allen_F_Brain,Allen_lateral_occipitotemporal_fusiform_gyrus_occipital_part_L,2463.87,Yes,Yes
Allen_F_Brain,Allen_supraparietal_lobule_R,16999.4,No,Yes
Allen_F_Brain,Allen_basomedial_nucleus_accessory_basal_nucleus_R,115.221,Yes,Yes
Allen_F_Brain,Allen_lateral_nucleus_L,470.1,Yes,Yes
Allen_F_Brain,Allen_hypothalamus_R,42.2337,No,Yes
Allen_F_Brain,Allen_dorsal_lateral_geniculate_nucleus_R,119.174,Yes,Yes
Allen_F_Brain,Allen_anterior_commissure_R,178.038,Yes,Yes
Allen_F_Brain,Allen_superior_temporal_gyrus_L,13328.2,No,Yes
Allen_F_Brain,Allen_middle_temporal_gyrus_L,26489.2,No,Yes
Allen_F_Brain,Allen_head_of_hippocampus_L,1539.05,Yes,Yes
Allen_F_Brain,Allen_ingulo_parahippocampal_isthmus_L,346.364,Yes,Yes
Allen_F_Brain,Allen_basilar_part_of_pons_L,5391.47,Yes,Yes
Allen_F_Brain,Allen_amygdaloid_complex_R,330.83,No,Yes
Allen_F_Brain,Allen_middle_cerebellar_peduncle_R,1122.31,Yes,Yes
Allen_F_Brain,Allen_basilar_part_of_pons_R,5391.47,Yes,Yes
Allen_F_Brain,Allen_pineal_body_R,46.0555,Yes,Yes
Allen_F_Brain,Allen_centromedian_nucleus_of_thalamus_R,207.612,Yes,Yes
Allen_F_Brain,Allen_anterior_nuclear_complex_of_thalamus_R,166.278,Yes,Yes
Allen_F_Brain,Allen_cingulate_gyrus_rostral_anterior_part_R,6969.61,Yes,Yes
Allen_F_Brain,Allen_planum_polare_L,3035.27,Yes,Yes
Allen_F_Brain,Allen_zona_incerta_R,221.615,Yes,Yes
Allen_F_Brain,Allen_pineal_body_L,46.061,Yes,Yes
Allen_F_Brain,Allen_external_segment_of_globus_pallidus_L,750.987,Yes,Yes
Allen_F_Brain,Allen_olfactory_bulb_L,46.5512,Yes,Yes
Allen_F_Brain,Allen_lateral_dorsal_nucleus_of_thalamus_R,102.031,Yes,Yes
Allen_F_Brain,Allen_olfactory_bulb_R,46.5637,Yes,Yes
Allen_F_Brain,Allen_bed_nucleus_of_stria_terminalis_R,328.246,No,Yes
Allen_F_Brain,Allen_middle_frontal_gyrus_L,25334.3,Yes,Yes
Allen_F_Brain,Allen_ingulo_parahippocampal_isthmus_R,346.346,Yes,Yes
Allen_F_Brain,Allen_atrium_of_lateral_ventricle_L,1761.94,Yes,Yes
Allen_F_Brain,Allen_corpus_callosum_R,9230.11,Yes,Yes
Allen_F_Brain,Allen_middle_temporal_gyrus_R,26527.6,No,Yes
Allen_F_Brain,Allen_cerebellar_vermis_R,5547.77,No,Yes
Allen_F_Brain,Allen_lateral_olfactory_gyrus_L,181.61,Yes,Yes
Allen_F_Brain,Allen_inferior_cerebellar_peduncle_R,152.963,Yes,Yes
Allen_F_Brain,Allen_mammillothalamic_tract_R,39.0767,Yes,Yes
Allen_F_Brain,Allen_gyrus_rectus_straight_gyrus_R,3265.78,Yes,Yes
Allen_F_Brain,Allen_body_of_lateral_ventricle_R,3327.04,Yes,Yes
Allen_F_Brain,Allen_paracentral_lobule_rostral_part_R,3849.12,Yes,Yes
Allen_F_Brain,Allen_anterior_horn_of_lateral_ventricle_R,4367.25,Yes,Yes
Allen_F_Brain,Allen_inferior_occipital_gyrus_R,11445.9,Yes,Yes
Allen_F_Brain,Allen_putamen_L,5358.11,Yes,Yes
Allen_F_Brain,Allen_optic_tract_R,168.89,Yes,Yes
Allen_F_Brain,Allen_long_insular_gyri_R,2785.37,Yes,Yes
Allen_F_Brain,Allen_preoptic_region_of_HTH_R,117.186,Yes,Yes
Allen_F_Brain,Allen_planum_polare_R,3034.53,Yes,Yes
Allen_F_Brain,Allen_posterior_cortical_nucleus_L,54.4121,Yes,Yes
Allen_F_Brain,Allen_claustrum_L,1512.74,No,Yes
Allen_F_Brain,Allen_rostral_gyrus_R,4885.4,Yes,Yes
Allen_F_Brain,Allen_anterior_amygdaloid_area_R,88.7783,Yes,Yes
Allen_F_Brain,Allen_cerebral_aqueduct_L,87.1821,Yes,Yes
Allen_F_Brain,Allen_medial_orbital_gyrus_L,3553.36,Yes,Yes
Allen_F_Brain,Allen_basolateral_nucleus_basal_nucleus_R,388.876,Yes,Yes
Allen_F_Brain,Allen_body_of_caudate_R,1261.48,Yes,Yes
Allen_F_Brain,Allen_inferior_temporal_gyrus_R,16277.3,No,Yes
Allen_F_Brain,Allen_gyrus_ambiens_R,199.763,Yes,Yes
Allen_F_Brain,Allen_basal_forebrain_L,656.825,Yes,Yes
Allen_F_Brain,Allen_ventral_lateral_nucleus_of_thalamus_R,804.298,Yes,Yes
Allen_F_Brain,Allen_supraoptic_region_of_HTH_R,172.561,No,Yes
Allen_F_Brain,Allen_supraparietal_lobule_L,16961.9,No,Yes
Allen_F_Brain,Allen_lateral_dorsal_nucleus_of_thalamus_L,102.02,Yes,Yes
Allen_F_Brain,Allen_superior_occipital_gyrus_R,13836.5,No,Yes
Allen_F_Brain,Allen_superior_frontal_gyrus_L,38297.6,No,Yes
Allen_F_Brain,Allen_septal_nuclei_R,320.463,No,Yes
Allen_F_Brain,Allen_ventral_posterior_lateral_nucleus_R,536.543,Yes,Yes
Allen_F_Brain,Allen_posteroventral_putamen_L,10026.2,Yes,Yes
Allen_F_Brain,Allen_angular_gyrus_L,15284,Yes,Yes
Allen_F_Brain,Allen_parafascicular_nucleus_of_thalamus_L,74.8882,No,Yes
Allen_F_Brain,Allen_transverse_temporal_gyrus_Heschls_gyrus_R,2230.4,Yes,Yes
Allen_F_Brain,Allen_inferior_frontal_gyrus_triangular_part_R,7109.71,Yes,Yes
Allen_F_Brain,Allen_anterior_nuclear_complex_of_thalamus_L,166.275,Yes,Yes
Allen_F_Brain,Allen_substantia_nigra_R,254.084,Yes,Yes
Allen_F_Brain,Allen_tegmentum_of_medulla_oblongata_L,2013.16,Yes,Yes
Allen_F_Brain,Allen_limen_insula_L,56.8438,Yes,Yes
Allen_F_Brain,Allen_temporal_pole_L,4341.3,Yes,Yes
Allen_F_Brain,Allen_postcentral_gyrus_R,15304.1,Yes,Yes
Allen_F_Brain,Allen_head_of_caudate_L,3002.77,Yes,Yes
Allen_F_Brain,Allen_ventral_anterior_nucleus_of_thalamus_L,914.179,No,Yes
Allen_F_Brain,Allen_pyramidal_part_of_medulla_oblongata_L,138.265,Yes,Yes
Allen_F_Brain,Allen_white_matter_of_forebrain_R,369712,No,Yes
Allen_F_Brain,Allen_third_ventricle_L,568.841,Yes,Yes
Allen_F_Brain,Allen_ventral_posterior_medial_nucleus_R,97.4775,Yes,Yes
Allen_F_Brain,Allen_piriform_region_R,155.114,No,Yes
Allen_F_Brain,Allen_superior_colliculus_R,248.6,Yes,Yes
Allen_F_Brain,Allen_subthalamic_nucleus_L,134.389,Yes,Yes
Allen_F_Brain,Allen_inferior_horn_of_lateral_ventricle_L,1013.07,No,Yes
Allen_F_Brain,Allen_superior_cerebellar_peduncle_brachium_conjunctivum_R,230.803,Yes,Yes
Allen_F_Brain,Allen_pyramidal_part_of_medulla_oblongata_R,138.259,Yes,Yes
Allen_F_Brain,Allen_short_insular_gyri_L,5463.88,Yes,Yes
Allen_F_Brain,Allen_supramarginal_gyrus_R,14237.8,Yes,Yes
Allen_F_Brain,Allen_rostral_gyrus_L,4885.21,Yes,Yes
Allen_F_Brain,Allen_central_nuclear_group_L,55.717,Yes,Yes
Allen_F_Brain,Allen_planum_temporale_L,2502.04,Yes,Yes
Allen_F_Brain,Allen_medial_nucleus_R,38.4991,Yes,Yes
Allen_F_Brain,Allen_zona_incerta_L,221.621,Yes,Yes
Allen_F_Brain,Allen_cuneus_L,9916.66,No,Yes
Allen_F_Brain,Allen_parietal_operculum_L,4489.41,Yes,Yes
Allen_F_Brain,Allen_white_matter_of_hindbrain_L,16188.7,No,Yes
Allen_F_Brain,Allen_central_canal_of_medulla_oblongata_R,6.76889,Yes,Yes
Allen_F_Brain,Allen_lateral_olfactory_gyrus_R,181.627,Yes,Yes
Allen_F_Brain,Allen_superior_frontal_gyrus_R,38312.9,No,Yes
Allen_F_Brain,Allen_lateral_hemisphere_of_cerebellum_R,43688.8,No,Yes
Allen_F_Brain,Allen_frontal_operculum_R,1645.16,Yes,Yes
Allen_F_Brain,Allen_tuberal_region_of_HTH_L,391.333,Yes,Yes
Allen_F_Brain,Allen_fornix_R,423.547,Yes,Yes
Allen_F_Brain,Allen_posterior_intermediate_orbital_gyrus_L,3422,Yes,Yes
Allen_F_Brain,Allen_mediodorsal_nucleus_of_thalamus_R,912.927,Yes,Yes
Allen_F_Brain,Allen_paracingulate_gyrus_R,3537.62,No,Yes
Allen_F_Brain,Allen_limen_insula_R,56.8558,Yes,Yes
Allen_F_Brain,Allen_reuniens_nucleus_medioventral_nucleus_of_thalamus_L,103.297,Yes,Yes
Allen_F_Brain,Allen_subcallosal_gyrus_parolfactory_gyrus_R,668.744,Yes,Yes
Allen_F_Brain,Allen_internal_segment_of_globus_pallidus_L,453.902,Yes,Yes
Allen_F_Brain,Allen_body_of_caudate_L,1261.46,Yes,Yes
Allen_F_Brain,Allen_reuniens_nucleus_medioventral_nucleus_of_thalamus_R,103.301,Yes,Yes
Allen_F_Brain,Allen_optic_radiation_L,185.629,Yes,Yes
Allen_F_Brain,Allen_basal_forebrain_R,656.906,Yes,Yes
Allen_F_Brain,Allen_anterior_cortical_nucleus_R,151.331,Yes,Yes
Allen_F_Brain,Allen_tail_of_hippocampus_R,953.068,Yes,Yes
Allen_F_Brain,Allen_body_of_hippocampus_L,910.251,Yes,Yes
Allen_F_Brain,Allen_posterior_cortical_nucleus_R,54.4248,Yes,Yes
Allen_F_Brain,Allen_posterior_intermediate_orbital_gyrus_R,3421.87,Yes,Yes
Allen_F_Brain,Allen_short_insular_gyri_R,5462.59,Yes,Yes
Allen_F_Brain,Allen_mammillary_region_of_HTH_R,313.211,Yes,Yes
Allen_F_Brain,Allen_pontine_tegmentum_L,2182.87,No,Yes
Allen_F_Brain,Allen_centromedian_nucleus_of_thalamus_L,207.62,Yes,Yes
Allen_F_Brain,Allen_lateral_nucleus_R,470.124,Yes,Yes
Allen_F_Brain,Allen_midline_nuclear_complex_L,272.729,Yes,Yes
Allen_F_Brain,Allen_habenular_nuclei_R,54.7377,Yes,Yes
Allen_F_Brain,Allen_long_insular_gyri_L,2786.76,Yes,Yes
Allen_F_Brain,Allen_paravermis_of_cerebellum_R,17164,No,Yes
Allen_F_Brain,Allen_temporal_agranular_insular_cortex_area_Tl_L,167.048,Yes,Yes
Allen_F_Brain,Allen_lingual_gyrus_medial_occipitotemporal_gyrus_R,13828.5,Yes,Yes
Allen_F_Brain,Allen_head_of_caudate_R,3002.83,Yes,Yes
Allen_F_Brain,Allen_cuneus_R,9904.89,No,Yes
Allen_F_Brain,Allen_cingulate_gyrus_caudal_posterior_part_L,9518.77,No,Yes
Allen_F_Brain,Allen_internal_segment_of_globus_pallidus_R,453.999,Yes,Yes
Allen_M_Brain,Allen_paracingulate_gyrus_L,3537.05,No,Yes
Allen_M_Brain,Allen_inferior_temporal_gyrus_L,16259.4,No,Yes
Allen_M_Brain,Allen_midbrain_tegmentum_L,2612.71,No,Yes
Allen_M_Brain,Allen_pretectal_region_R,139.358,Yes,Yes
Allen_M_Brain,Allen_piriform_region_L,154.961,No,Yes
Allen_M_Brain,Allen_inferior_colliculus_R,270.928,Yes,Yes
Allen_M_Brain,Allen_pulvinar_of_thalamus_R,1391.95,Yes,Yes
Allen_M_Brain,Allen_gyrus_ambiens_L,199.768,Yes,Yes
Allen_M_Brain,Allen_mammillothalamic_tract_L,39.0765,Yes,Yes
Allen_M_Brain,Allen_cingulate_gyrus_rostral_anterior_part_L,6969.8,Yes,Yes
Allen_M_Brain,Allen_cingulate_gyrus_caudal_posterior_part_R,9509.46,No,Yes
Allen_M_Brain,Allen_mediodorsal_nucleus_of_thalamus_L,912.956,Yes,Yes
Allen_M_Brain,Allen_medial_geniculate_nuclei_L,81.0927,Yes,Yes
Allen_M_Brain,Allen_lingual_gyrus_medial_occipitotemporal_gyrus_L,13827.6,Yes,Yes
Allen_M_Brain,Allen_ventral_posterior_medial_nucleus_L,97.4713,Yes,Yes
Allen_M_Brain,Allen_corpus_callosum_L,9230.18,Yes,Yes
Allen_M_Brain,Allen_superior_cerebellar_peduncle_brachium_conjunctivum_L,230.762,Yes,Yes
Allen_M_Brain,Allen_inferior_colliculus_L,270.9,Yes,Yes
Allen_M_Brain,Allen_gyrus_rectus_straight_gyrus_L,3265.88,Yes,Yes
Allen_M_Brain,Allen_frontal_operculum_L,1645.72,Yes,Yes
Allen_M_Brain,Allen_inferior_horn_of_lateral_ventricle_R,1012.7,No,Yes
Allen_M_Brain,Allen_anterior_amygdaloid_area_L,88.7594,Yes,Yes
Allen_M_Brain,Allen_central_canal_of_medulla_oblongata_L,6.76694,Yes,Yes
Allen_M_Brain,Allen_olfactory_tract_L,39.8344,Yes,Yes
Allen_M_Brain,Allen_superior_colliculus_L,248.609,Yes,Yes
Allen_M_Brain,Allen_anterior_parahippocampal_gyrus_R,2294.9,Yes,Yes
Allen_M_Brain,Allen_ventral_lateral_nucleus_of_thalamus_L,804.293,Yes,Yes
Allen_M_Brain,Allen_amygdalohippocampal_area_R,43.2994,Yes,Yes
Allen_M_Brain,Allen_medial_geniculate_nuclei_R,81.0805,Yes,Yes
Allen_M_Brain,Allen_anterior_intermediate_orbital_gyrus_R,2711.23,Yes,Yes
Allen_M_Brain,Allen_cerebral_aqueduct_R,87.1833,Yes,Yes
Allen_M_Brain,Allen_bed_nucleus_of_stria_terminalis_L,327.852,No,Yes
Allen_M_Brain,Allen_anterior_horn_of_lateral_ventricle_L,4367.35,Yes,Yes
Allen_M_Brain,Allen_nucleus_accumbens_R,530.553,Yes,Yes
Allen_M_Brain,Allen_supramarginal_gyrus_L,14238.1,Yes,Yes
Allen_M_Brain,Allen_precuneus_L,19163,No,Yes
Allen_M_Brain,Allen_posterior_parahippocampal_gyrus_R,1598.75,Yes,Yes
Allen_M_Brain,Allen_frontal_agranular_insular_cortex_area_Fl_L,24.0697,Yes,Yes
Allen_M_Brain,Allen_paracentral_lobule_caudal_part_R,2312.49,Yes,Yes
Allen_M_Brain,Allen_hypothalamus_L,42.2175,No,Yes
Allen_M_Brain,Allen_external_segment_of_globus_pallidus_R,751.084,Yes,Yes
Allen_M_Brain,Allen_nucleus_accumbens_L,530.57,Yes,Yes
Allen_M_Brain,Allen_posterior_horn_of_lateral_ventricle_L,233.844,Yes,Yes
Allen_M_Brain,Allen_subcallosal_gyrus_parolfactory_gyrus_L,668.787,Yes,Yes
Allen_M_Brain,Allen_midbrain_tegmentum_R,2612.45,No,Yes
Allen_M_Brain,Allen_medial_nucleus_L,38.4645,Yes,Yes
Allen_M_Brain,Allen_frontal_agranular_insular_cortex_area_Fl_R,24.0649,Yes,Yes
Allen_M_Brain,Allen_middle_frontal_gyrus_R,25329.1,Yes,Yes
Allen_M_Brain,Allen_inferior_olive_L,189.896,Yes,Yes
Allen_M_Brain,Allen_red_nucleus_L,355.701,Yes,Yes
Allen_M_Brain,Allen_frontomarginal_gyrus_L,6685.36,Yes,Yes
Allen_M_Brain,Allen_ventral_anterior_nucleus_of_thalamus_R,914.707,No,Yes
Allen_M_Brain,Allen_anterior_olfactory_nucleus_L,99.4473,Yes,Yes
Allen_M_Brain,Allen_habenular_nuclei_L,54.7365,Yes,Yes
Allen_M_Brain,Allen_pulvinar_of_thalamus_L,1391.77,Yes,Yes
Allen_M_Brain,Allen_inferior_cerebellar_peduncle_L,152.967,Yes,Yes
Allen_M_Brain,Allen_frontal_pole_L,2018.33,Yes,Yes
Allen_M_Brain,Allen_body_of_lateral_ventricle_L,3326.69,Yes,Yes
Allen_M_Brain,Allen_pretectal_region_L,139.375,Yes,Yes
Allen_M_Brain,Allen_perirhinal_gyrus_rostral_part_of_FuGt_R,1734.65,Yes,Yes
Allen_M_Brain,Allen_inferior_occipital_gyrus_L,11447.2,Yes,Yes
Allen_M_Brain,Allen_inferior_frontal_gyrus_opercular_part_R,5396.71,Yes,Yes
Allen_M_Brain,Allen_putamen_R,5358.49,Yes,Yes
Allen_M_Brain,Allen_temporal_pole_R,4340.22,Yes,Yes
Allen_M_Brain,Allen_anterior_commissure_L,178.007,Yes,Yes
Allen_M_Brain,Allen_tegmentum_of_medulla_oblongata_R,2013.22,Yes,Yes
Allen_M_Brain,Allen_optic_radiation_R,185.607,Yes,Yes
Allen_M_Brain,Allen_cerebellar_deep_nuclei_R,859.843,Yes,Yes
Allen_M_Brain,Allen_lateral_orbital_gyrus_R,4848.2,Yes,Yes
Allen_M_Brain,Allen_claustrum_R,1513.85,No,Yes
Allen_M_Brain,Allen_basomedial_nucleus_accessory_basal_nucleus_L,115.201,Yes,Yes
Allen_M_Brain,Allen_substantia_nigra_L,254.037,Yes,Yes
Allen_M_Brain,Allen_superior_occipital_gyrus_L,13809.2,No,Yes
Allen_M_Brain,Allen_parafascicular_nucleus_of_thalamus_R,74.8752,No,Yes
Allen_M_Brain,Allen_postcentral_gyrus_L,15304.9,Yes,Yes
Allen_M_Brain,Allen_precuneus_R,19142.9,No,Yes
Allen_M_Brain,Allen_occipitotemporal_fusiform_gyrus_temporal_part_R,8048.8,Yes,Yes
Allen_M_Brain,Allen_tail_of_caudate_R,268.637,No,Yes
Allen_M_Brain,Allen_anterior_olfactory_nucleus_R,99.3797,Yes,Yes
Allen_M_Brain,Allen_amygdalohippocampal_area_L,43.3071,Yes,Yes
Allen_M_Brain,Allen_inferior_frontal_gyrus_triangular_part_L,7110.99,Yes,Yes
Allen_M_Brain,Allen_thalamus_L,2898.4,No,Yes
Allen_M_Brain,Allen_body_of_hippocampus_R,910.357,Yes,Yes
Allen_M_Brain,Allen_preoptic_region_of_HTH_L,117.183,Yes,Yes
Allen_M_Brain,Allen_anterior_cortical_nucleus_L,151.326,Yes,Yes
Allen_M_Brain,Allen_medial_orbital_gyrus_R,3553.83,Yes,Yes
Allen_M_Brain,Allen_lateral_orbital_gyrus_L,4849.44,Yes,Yes
Allen_M_Brain,Allen_atrium_of_lateral_ventricle_R,1761.77,Yes,Yes
Allen_M_Brain,Allen_fourth_ventricle_R,1164.22,Yes,Yes
Allen_M_Brain,Allen_dorsal_lateral_geniculate_nucleus_L,119.118,Yes,Yes
Allen_M_Brain,Allen_perirhinal_gyrus_rostral_part_of_FuGt_L,1734.12,Yes,Yes
Allen_M_Brain,Allen_lateral_occipitotemporal_fusiform_gyrus_occipital_part_R,2463.44,Yes,Yes
Allen_M_Brain,Allen_septal_nuclei_L,320.267,No,Yes
Allen_M_Brain,Allen_basolateral_nucleus_basal_nucleus_L,388.784,Yes,Yes
Allen_M_Brain,Allen_posteroventral_putamen_R,10026.1,Yes,Yes
Allen_M_Brain,Allen_pontine_tegmentum_R,2182.34,No,Yes
Allen_M_Brain,Allen_occipital_pole_R,2598.57,No,Yes
Allen_M_Brain,Allen_tail_of_hippocampus_L,952.861,Yes,Yes
Allen_M_Brain,Allen_amygdaloid_complex_L,330.613,No,Yes
Allen_M_Brain,Allen_frontomarginal_gyrus_R,6684.55,Yes,Yes
Allen_M_Brain,Allen_red_nucleus_R,355.688,Yes,Yes
Allen_M_Brain,Allen_white_matter_of_forebrain_L,370407,No,Yes
Allen_M_Brain,Allen_precentral_gyrus_L,18898.6,Yes,Yes
Allen_M_Brain,Allen_mammillary_region_of_HTH_L,313.224,Yes,Yes
Allen_M_Brain,Allen_third_ventricle_R,568.852,Yes,Yes
Allen_M_Brain,Allen_tail_of_caudate_L,268.503,No,Yes
Allen_M_Brain,Allen_lateral_posterior_nucleus_of_thalamus_R,356.37,Yes,Yes
Allen_M_Brain,Allen_cerebral_peduncle_crus_cerebri_R,1112.94,Yes,Yes
Allen_M_Brain,Allen_cerebral_peduncle_crus_cerebri_L,1112.88,Yes,Yes
Allen_M_Brain,Allen_subthalamic_nucleus_R,134.368,Yes,Yes
Allen_M_Brain,Allen_superior_temporal_gyrus_R,13344.8,No,Yes
Allen_M_Brain,Allen_lateral_posterior_nucleus_of_thalamus_L,356.308,Yes,Yes
Allen_M_Brain,Allen_white_matter_of_hindbrain_R,16193.8,No,Yes
Allen_M_Brain,Allen_midline_nuclear_complex_R,272.736,Yes,Yes
Allen_M_Brain,Allen_parietal_operculum_R,4488.63,Yes,Yes
Allen_M_Brain,Allen_transverse_temporal_gyrus_Heschls_gyrus_L,2230.75,Yes,Yes
Allen_M_Brain,Allen_posterior_horn_of_lateral_ventricle_R,233.921,Yes,Yes
Allen_M_Brain,Allen_olfactory_tract_R,39.8011,Yes,Yes
Allen_M_Brain,Allen_anterior_intermediate_orbital_gyrus_L,2711.02,Yes,Yes
Allen_M_Brain,Allen_anterior_parahippocampal_gyrus_L,2294.4,Yes,Yes
Allen_M_Brain,Allen_thalamus_R,2907.5,No,Yes
Allen_M_Brain,Allen_paracentral_lobule_caudal_part_L,2312.45,Yes,Yes
Allen_M_Brain,Allen_supraoptic_region_of_HTH_L,172.578,No,Yes
Allen_M_Brain,Allen_ventral_posterior_lateral_nucleus_L,536.415,Yes,Yes
Allen_M_Brain,Allen_fornix_L,423.545,Yes,Yes
Allen_M_Brain,Allen_tuberal_region_of_HTH_R,391.323,Yes,Yes
Allen_M_Brain,Allen_occipital_pole_L,2599.58,No,Yes
Allen_M_Brain,Allen_paracentral_lobule_rostral_part_L,3849.2,Yes,Yes
Allen_M_Brain,Allen_lateral_hemisphere_of_cerebellum_L,43638.6,No,Yes
Allen_M_Brain,Allen_planum_temporale_R,2501.92,Yes,Yes
Allen_M_Brain,Allen_inferior_olive_R,189.941,Yes,Yes
Allen_M_Brain,Allen_occipitotemporal_fusiform_gyrus_temporal_part_L,8050.19,Yes,Yes
Allen_M_Brain,Allen_angular_gyrus_R,15281.5,Yes,Yes
Allen_M_Brain,Allen_paravermis_of_cerebellum_L,17158.8,No,Yes
Allen_M_Brain,Allen_posterior_parahippocampal_gyrus_L,1598.6,Yes,Yes
Allen_M_Brain,Allen_frontal_pole_R,2017.67,Yes,Yes
Allen_M_Brain,Allen_central_nuclear_group_R,55.7239,Yes,Yes
Allen_M_Brain,Allen_cerebellar_deep_nuclei_L,859.856,Yes,Yes
Allen_M_Brain,Allen_head_of_hippocampus_R,1539.17,Yes,Yes
Allen_M_Brain,Allen_middle_cerebellar_peduncle_L,1122.03,Yes,Yes
Allen_M_Brain,Allen_fourth_ventricle_L,1164.16,Yes,Yes
Allen_M_Brain,Allen_cerebellar_vermis_L,5549.97,No,Yes
Allen_M_Brain,Allen_precentral_gyrus_R,18896.8,Yes,Yes
Allen_M_Brain,Allen_temporal_agranular_insular_cortex_area_Tl_R,167.032,Yes,Yes
Allen_M_Brain,Allen_optic_tract_L,168.88,Yes,Yes
Allen_M_Brain,Allen_inferior_frontal_gyrus_opercular_part_L,5397.27,Yes,Yes
Allen_M_Brain,Allen_lateral_occipitotemporal_fusiform_gyrus_occipital_part_L,2463.87,Yes,Yes
Allen_M_Brain,VH_M_optic_chiasm,399.817,Yes,Yes
Allen_M_Brain,Allen_supraparietal_lobule_R,17037.4,No,Yes
Allen_M_Brain,Allen_basomedial_nucleus_accessory_basal_nucleus_R,115.221,Yes,Yes
Allen_M_Brain,Allen_lateral_nucleus_L,470.1,Yes,Yes
Allen_M_Brain,Allen_hypothalamus_R,42.2281,No,Yes
Allen_M_Brain,Allen_dorsal_lateral_geniculate_nucleus_R,119.173,Yes,Yes
Allen_M_Brain,Allen_anterior_commissure_R,178.037,Yes,Yes
Allen_M_Brain,Allen_superior_temporal_gyrus_L,13339.3,No,Yes
Allen_M_Brain,Allen_middle_temporal_gyrus_L,26452.1,No,Yes
Allen_M_Brain,Allen_head_of_hippocampus_L,1539.05,Yes,Yes
Allen_M_Brain,Allen_ingulo_parahippocampal_isthmus_L,346.364,Yes,Yes
Allen_M_Brain,Allen_basilar_part_of_pons_L,5391.47,Yes,Yes
Allen_M_Brain,Allen_amygdaloid_complex_R,331.037,No,Yes
Allen_M_Brain,Allen_middle_cerebellar_peduncle_R,1122.31,Yes,Yes
Allen_M_Brain,Allen_basilar_part_of_pons_R,5391.47,Yes,Yes
Allen_M_Brain,Allen_pineal_body_R,46.0555,Yes,Yes
Allen_M_Brain,Allen_centromedian_nucleus_of_thalamus_R,207.612,Yes,Yes
Allen_M_Brain,Allen_anterior_nuclear_complex_of_thalamus_R,166.278,Yes,Yes
Allen_M_Brain,Allen_cingulate_gyrus_rostral_anterior_part_R,6969.61,Yes,Yes
Allen_M_Brain,Allen_planum_polare_L,3035.27,Yes,Yes
Allen_M_Brain,Allen_zona_incerta_R,221.615,Yes,Yes
Allen_M_Brain,Allen_pineal_body_L,46.0613,Yes,Yes
Allen_M_Brain,Allen_external_segment_of_globus_pallidus_L,750.988,Yes,Yes
Allen_M_Brain,Allen_olfactory_bulb_L,46.5516,Yes,Yes
Allen_M_Brain,Allen_lateral_dorsal_nucleus_of_thalamus_R,102.031,Yes,Yes
Allen_M_Brain,Allen_olfactory_bulb_R,46.5639,Yes,Yes
Allen_M_Brain,Allen_bed_nucleus_of_stria_terminalis_R,328.246,No,Yes
Allen_M_Brain,Allen_middle_frontal_gyrus_L,25334.3,Yes,Yes
Allen_M_Brain,Allen_ingulo_parahippocampal_isthmus_R,346.346,Yes,Yes
Allen_M_Brain,Allen_atrium_of_lateral_ventricle_L,1761.94,Yes,Yes
Allen_M_Brain,Allen_corpus_callosum_R,9230.11,Yes,Yes
Allen_M_Brain,Allen_middle_temporal_gyrus_R,26405.2,No,Yes
Allen_M_Brain,Allen_cerebellar_vermis_R,5543.88,No,Yes
Allen_M_Brain,Allen_lateral_olfactory_gyrus_L,181.61,Yes,Yes
Allen_M_Brain,Allen_inferior_cerebellar_peduncle_R,152.963,Yes,Yes
Allen_M_Brain,Allen_mammillothalamic_tract_R,39.0766,Yes,Yes
Allen_M_Brain,Allen_gyrus_rectus_straight_gyrus_R,3265.78,Yes,Yes
Allen_M_Brain,Allen_body_of_lateral_ventricle_R,3327.04,Yes,Yes
Allen_M_Brain,Allen_paracentral_lobule_rostral_part_R,3849.12,Yes,Yes
Allen_M_Brain,Allen_anterior_horn_of_lateral_ventricle_R,4367.25,Yes,Yes
Allen_M_Brain,Allen_inferior_occipital_gyrus_R,11445.9,Yes,Yes
Allen_M_Brain,Allen_putamen_L,5358.11,Yes,Yes
Allen_M_Brain,Allen_optic_tract_R,168.891,Yes,Yes
Allen_M_Brain,Allen_long_insular_gyri_R,2785.37,Yes,Yes
Allen_M_Brain,Allen_preoptic_region_of_HTH_R,117.186,Yes,Yes
Allen_M_Brain,Allen_planum_polare_R,3034.53,Yes,Yes
Allen_M_Brain,Allen_posterior_cortical_nucleus_L,54.4127,Yes,Yes
Allen_M_Brain,Allen_claustrum_L,1512.95,No,Yes
Allen_M_Brain,Allen_rostral_gyrus_R,4885.4,Yes,Yes
Allen_M_Brain,Allen_anterior_amygdaloid_area_R,88.7791,Yes,Yes
Allen_M_Brain,Allen_cerebral_aqueduct_L,87.1824,Yes,Yes
Allen_M_Brain,Allen_medial_orbital_gyrus_L,3553.36,Yes,Yes
Allen_M_Brain,Allen_basolateral_nucleus_basal_nucleus_R,388.875,Yes,Yes
Allen_M_Brain,Allen_body_of_caudate_R,1261.49,Yes,Yes
Allen_M_Brain,Allen_inferior_temporal_gyrus_R,16207.9,No,Yes
Allen_M_Brain,Allen_gyrus_ambiens_R,199.763,Yes,Yes
Allen_M_Brain,Allen_basal_forebrain_L,656.825,Yes,Yes
Allen_M_Brain,Allen_ventral_lateral_nucleus_of_thalamus_R,804.297,Yes,Yes
Allen_M_Brain,Allen_supraoptic_region_of_HTH_R,172.565,No,Yes
Allen_M_Brain,Allen_supraparietal_lobule_L,16972.5,No,Yes
Allen_M_Brain,Allen_lateral_dorsal_nucleus_of_thalamus_L,102.02,Yes,Yes
Allen_M_Brain,Allen_superior_occipital_gyrus_R,13837.9,No,Yes
Allen_M_Brain,Allen_superior_frontal_gyrus_L,38296.2,No,Yes
Allen_M_Brain,Allen_septal_nuclei_R,320.462,No,Yes
Allen_M_Brain,Allen_ventral_posterior_lateral_nucleus_R,536.543,Yes,Yes
Allen_M_Brain,Allen_posteroventral_putamen_L,10026.2,Yes,Yes
Allen_M_Brain,Allen_angular_gyrus_L,15284,Yes,Yes
Allen_M_Brain,Allen_parafascicular_nucleus_of_thalamus_L,74.8891,No,Yes
Allen_M_Brain,Allen_transverse_temporal_gyrus_Heschls_gyrus_R,2230.39,Yes,Yes
Allen_M_Brain,Allen_inferior_frontal_gyrus_triangular_part_R,7109.71,Yes,Yes
Allen_M_Brain,Allen_anterior_nuclear_complex_of_thalamus_L,166.275,Yes,Yes
Allen_M_Brain,Allen_substantia_nigra_R,254.084,Yes,Yes
Allen_M_Brain,Allen_tegmentum_of_medulla_oblongata_L,2013.16,Yes,Yes
Allen_M_Brain,Allen_limen_insula_L,56.8437,Yes,Yes
Allen_M_Brain,Allen_temporal_pole_L,4341.3,Yes,Yes
Allen_M_Brain,Allen_postcentral_gyrus_R,15304.1,Yes,Yes
Allen_M_Brain,Allen_head_of_caudate_L,3002.77,Yes,Yes
Allen_M_Brain,Allen_ventral_anterior_nucleus_of_thalamus_L,914.582,No,Yes
Allen_M_Brain,Allen_pyramidal_part_of_medulla_oblongata_L,138.265,Yes,Yes
Allen_M_Brain,Allen_white_matter_of_forebrain_R,369785,No,Yes
Allen_M_Brain,Allen_third_ventricle_L,568.841,Yes,Yes
Allen_M_Brain,Allen_ventral_posterior_medial_nucleus_R,97.4778,Yes,Yes
Allen_M_Brain,Allen_piriform_region_R,155.047,No,Yes
Allen_M_Brain,Allen_superior_colliculus_R,248.6,Yes,Yes
Allen_M_Brain,Allen_subthalamic_nucleus_L,134.389,Yes,Yes
Allen_M_Brain,Allen_inferior_horn_of_lateral_ventricle_L,1013.08,No,Yes
Allen_M_Brain,Allen_superior_cerebellar_peduncle_brachium_conjunctivum_R,230.802,Yes,Yes
Allen_M_Brain,Allen_pyramidal_part_of_medulla_oblongata_R,138.258,Yes,Yes
Allen_M_Brain,Allen_short_insular_gyri_L,5463.88,Yes,Yes
Allen_M_Brain,Allen_supramarginal_gyrus_R,14237.7,Yes,Yes
Allen_M_Brain,Allen_rostral_gyrus_L,4885.21,Yes,Yes
Allen_M_Brain,Allen_central_nuclear_group_L,55.717,Yes,Yes
Allen_M_Brain,Allen_planum_temporale_L,2502.03,Yes,Yes
Allen_M_Brain,Allen_medial_nucleus_R,38.4991,Yes,Yes
Allen_M_Brain,Allen_zona_incerta_L,221.621,Yes,Yes
Allen_M_Brain,Allen_cuneus_L,9912.05,No,Yes
Allen_M_Brain,Allen_parietal_operculum_L,4489.41,Yes,Yes
Allen_M_Brain,Allen_white_matter_of_hindbrain_L,16191,No,Yes
Allen_M_Brain,Allen_central_canal_of_medulla_oblongata_R,6.76892,Yes,Yes
Allen_M_Brain,Allen_lateral_olfactory_gyrus_R,181.627,Yes,Yes
Allen_M_Brain,Allen_superior_frontal_gyrus_R,38307.4,No,Yes
Allen_M_Brain,Allen_lateral_hemisphere_of_cerebellum_R,43651.8,No,Yes
Allen_M_Brain,Allen_frontal_operculum_R,1645.16,Yes,Yes
Allen_M_Brain,Allen_tuberal_region_of_HTH_L,391.333,Yes,Yes
Allen_M_Brain,Allen_fornix_R,423.547,Yes,Yes
Allen_M_Brain,Allen_posterior_intermediate_orbital_gyrus_L,3422.01,Yes,Yes
Allen_M_Brain,Allen_mediodorsal_nucleus_of_thalamus_R,912.928,Yes,Yes
Allen_M_Brain,Allen_paracingulate_gyrus_R,3535.22,No,Yes
Allen_M_Brain,Allen_limen_insula_R,56.8557,Yes,Yes
Allen_M_Brain,Allen_reuniens_nucleus_medioventral_nucleus_of_thalamus_L,103.298,Yes,Yes
Allen_M_Brain,Allen_subcallosal_gyrus_parolfactory_gyrus_R,668.745,Yes,Yes
Allen_M_Brain,Allen_internal_segment_of_globus_pallidus_L,453.901,Yes,Yes
Allen_M_Brain,Allen_body_of_caudate_L,1261.46,Yes,Yes
Allen_M_Brain,Allen_reuniens_nucleus_medioventral_nucleus_of_thalamus_R,103.301,Yes,Yes
Allen_M_Brain,Allen_optic_radiation_L,185.628,Yes,Yes
Allen_M_Brain,Allen_basal_forebrain_R,656.906,Yes,Yes
Allen_M_Brain,Allen_anterior_cortical_nucleus_R,151.331,Yes,Yes
Allen_M_Brain,Allen_tail_of_hippocampus_R,953.067,Yes,Yes
Allen_M_Brain,Allen_body_of_hippocampus_L,910.248,Yes,Yes
Allen_M_Brain,Allen_posterior_cortical_nucleus_R,54.4248,Yes,Yes
Allen_M_Brain,Allen_posterior_intermediate_orbital_gyrus_R,3421.88,Yes,Yes
Allen_M_Brain,Allen_short_insular_gyri_R,5462.59,Yes,Yes
Allen_M_Brain,Allen_mammillary_region_of_HTH_R,313.211,Yes,Yes
Allen_M_Brain,Allen_pontine_tegmentum_L,2182.87,No,Yes
Allen_M_Brain,Allen_centromedian_nucleus_of_thalamus_L,207.62,Yes,Yes
Allen_M_Brain,Allen_lateral_nucleus_R,470.125,Yes,Yes
Allen_M_Brain,Allen_midline_nuclear_complex_L,272.729,Yes,Yes
Allen_M_Brain,Allen_habenular_nuclei_R,54.7375,Yes,Yes
Allen_M_Brain,Allen_long_insular_gyri_L,2786.76,Yes,Yes
Allen_M_Brain,Allen_paravermis_of_cerebellum_R,17163.7,No,Yes
Allen_M_Brain,Allen_temporal_agranular_insular_cortex_area_Tl_L,167.048,Yes,Yes
Allen_M_Brain,Allen_lingual_gyrus_medial_occipitotemporal_gyrus_R,13828.5,Yes,Yes
Allen_M_Brain,Allen_head_of_caudate_R,3002.83,Yes,Yes
Allen_M_Brain,Allen_cuneus_R,9901.99,No,Yes
Allen_M_Brain,Allen_cingulate_gyrus_caudal_posterior_part_L,9518.39,No,Yes
Allen_M_Brain,Allen_internal_segment_of_globus_pallidus_R,453.999,Yes,Yes
VH_F_Knee_R,VH_F_patella_R,25524,Yes,Yes
VH_F_Knee_R,VH_F_articular_cartilage_of_knee_R,112085,Yes,Yes
VH_F_Knee_R,VH_F_medial_perichondular_surface_R,735.715,Yes,Yes
VH_F_Knee_R,VH_F_trochlear_groove_R,31.8032,No,Yes
VH_F_Knee_R,VH_F_posterior_cruciate_enthesis_R,65.875,No,Yes
VH_F_Knee_R,VH_F_femur_R,551197,Yes,Yes
VH_F_Knee_R,VH_F_anterior_cruciate_enthesis_R,44.6736,No,Yes
VH_F_Knee_R,VH_F_medial_condyle_of_right_femur_sup,1167.3,Yes,Yes
VH_F_Knee_R,VH_F_intercondylar_fossa_R,-144.271,Yes,Yes
VH_F_Knee_R,VH_F_lateral_perichondular_surface_R,509.028,Yes,Yes
VH_F_Knee_R,VH_F_tibia_R,299421,Yes,Yes
VH_F_Knee_R,VH_F_lateral_condyle_of_femur_inf_R,5662.84,Yes,Yes
VH_F_Knee_R,VH_F_meniscus_R,6511.32,Yes,Yes
VH_F_Knee_R,VH_F_lateral_epicondylar_enthesis_R,18.1554,No,Yes
VH_F_Knee_R,VH_F_lateral_condyle_of_femur_sup_R,1832.4,Yes,Yes
VH_F_Knee_R,VH_F_distal_most_point_of_medial_condyle_R,2129.82,Yes,Yes
VH_F_Knee_R,VH_F_lateral_condyle_of_femur_frontal_R,1347.11,Yes,Yes
VH_F_Knee_R,VH_F_medial_condyle_of_right_femur_inf,6540.05,Yes,Yes
VH_F_Knee_R,VH_F_medial_epicondylar_enthesis_R,25.3967,No,Yes
VH_F_Knee_R,VH_F_fibula_R,50755.7,Yes,Yes
VH_M_Prostate,VH_M_prostate_duct_L,2.97341,No,Yes
VH_M_Prostate,VH_M_central_zone_of_prostate_R,1896.89,No,Yes
VH_M_Prostate,VH_M_seminal_vesicle,6277,Yes,Yes
VH_M_Prostate,VH_M_peripheral_zone_of_prostate_L,4398.49,Yes,Yes
VH_M_Prostate,VH_M_transition_zone__of_prostate_L,770.4,Yes,Yes
VH_M_Prostate,VH_M_prostate_duct_R,2.39439,No,Yes
VH_M_Prostate,VH_M_peripheral_zone_of_prostate_R,4502.34,Yes,Yes
VH_M_Prostate,VH_M_apex_of_prostate,37.873,No,Yes
VH_M_Prostate,VH_M_ejaculatory_duct,6.50604,Yes,Yes
VH_M_Prostate,VH_M_prostatic_utricle,1.42945,No,Yes
VH_M_Prostate,VH_M_vas_deferens_L,263.776,Yes,Yes
VH_M_Prostate,VH_M_base_of_prostate,136.892,No,Yes
VH_M_Prostate,VH_M_anterior_fibromuscular_stroma_L,666.398,Yes,Yes
VH_M_Prostate,VH_M_central_zone_of_prostate_L,1801.06,No,Yes
VH_M_Prostate,VH_M_transition_zone_of_prostate_R,800.117,Yes,Yes
VH_M_Prostate,VH_M_anterior_fibromuscular_stroma_R,680.914,Yes,Yes
VH_M_Prostate,VH_M_seminal_colliculus,1.62769,No,Yes
VH_M_Prostate,VH_M_vas_deferens_R,240.463,Yes,Yes
3d-vh-f-mammary-gland-l,VH_F_areolar_tubercles_L,17.8066,No,Yes
3d-vh-f-mammary-gland-l,VH_F_nipple_L,13.2952,No,Yes
3d-vh-f-mammary-gland-l,VH_F_fat_L,755265,No,Yes
3d-vh-f-mammary-gland-l,VH_F_main_lactiferous_sinuses_L,177.786,No,Yes
3d-vh-f-mammary-gland-l,VH_F_suspensory_ligaments_L,776.371,No,Yes
3d-vh-f-mammary-gland-l,VH_F_mammary_lobes_L,35550.3,No,Yes
3d-vh-f-mammary-gland-l,VH_F_areola_L,218.58,No,Yes
3d-vh-f-mammary-gland-l,VH_F_main_lactiferous_ducts_L,3469.49,No,Yes
VH_F_Knee_L,VH_F_intercondylar_fossa_L,-149.418,Yes,Yes
VH_F_Knee_L,VH_F_trochlear_groove_L,31.7641,No,Yes
VH_F_Knee_L,VH_F_anterior_cruciate_enthesis_L,44.7754,No,Yes
VH_F_Knee_L,VH_F_lateral_condyle_of_femur_sup_L,1692.82,Yes,Yes
VH_F_Knee_L,VH_F_fibula_L,50755.8,Yes,Yes
VH_F_Knee_L,VH_F_medial_perichondular_surface_L,703.257,Yes,Yes
VH_F_Knee_L,VH_F_lateral_epicondylar_enthesis_L,116.849,Yes,Yes
VH_F_Knee_L,VH_F_posterior_cruciate_enthesis_L,65.9489,No,Yes
VH_F_Knee_L,VH_F_medial_condyle_of_left_femur_sup,1120.24,Yes,Yes
VH_F_Knee_L,VH_F_distal_most_point_of_medial_condyle_L,2014.81,Yes,Yes
VH_F_Knee_L,VH_F_articular_cartilage_of_knee_L,111607,Yes,Yes
VH_F_Knee_L,VH_F_patella_L,25524,Yes,Yes
VH_F_Knee_L,VH_F_femur_L,550888,Yes,Yes
VH_F_Knee_L,VH_F_lateral_perichondular_surface_L,506.651,Yes,Yes
VH_F_Knee_L,VH_F_lateral_condyle_of_femur_frontal_L,1326.4,Yes,Yes
VH_F_Knee_L,VH_F_medial_epicondylar_enthesis_L,25.4358,No,Yes
VH_F_Knee_L,VH_F_tibia_L,299421,Yes,Yes
VH_F_Knee_L,VH_F_meniscus_L,6511.32,Yes,Yes
VH_F_Knee_L,VH_F_lateral_condyle_of_femur_inf_L,5842,Yes,Yes
VH_F_Knee_L,VH_F_medial_condyle_of_left_femur_inf,6561.12,Yes,Yes
VH_F_Kidney_L,VH_F_kidney_capsule_L,26070.2,No,Yes
VH_F_Kidney_L,VH_F_renal_pyramid_L_c,1693.34,Yes,Yes
VH_F_Kidney_L,VH_F_renal_pyramid_L_k,2896.48,Yes,Yes
VH_F_Kidney_L,VH_F_renal_pyramid_L_f,5407.32,Yes,Yes
VH_F_Kidney_L,VH_F_renal_pyramid_L_j,2673.25,Yes,Yes
VH_F_Kidney_L,VH_F_hilum_of_kidney_L,2945.85,No,Yes
VH_F_Kidney_L,VH_F_renal_pyramid_L_d,3716.55,Yes,Yes
VH_F_Kidney_L,VH_F_renal_pyramid_L_g,6215.36,Yes,Yes
VH_F_Kidney_L,VH_F_renal_pyramid_L_b,2480.15,Yes,Yes
VH_F_Kidney_L,VH_F_renal_pyramid_L_h,2149.6,Yes,Yes
VH_F_Kidney_L,VH_F_renal_column_L,72301.9,Yes,Yes
VH_F_Kidney_L,VH_F_renal_pyramid_L_a,8149.5,Yes,Yes
VH_F_Kidney_L,VH_F_renal_pyramid_L_e,3343.21,Yes,Yes
VH_F_Kidney_L,VH_F_outer_cortex_of_kidney_L,142594,No,Yes
VH_F_Kidney_L,VH_F_renal_pyramid_L_i,2895.25,Yes,Yes
VH_F_Placenta,VH_F_umbilical_artery_2,1673.88,Yes,Yes
VH_F_Placenta,VH_F_chorionic_plate,39569.1,No,Yes
VH_F_Placenta,VH_F_umbilical_cord,10415,No,Yes
VH_F_Placenta,VH_F_umbilical_artery_1,1417.55,No,Yes
VH_F_Placenta,VH_F_placenta_vessels,19624.2,No,Yes
VH_F_Placenta,VH_F_amnion,275938,Yes,Yes
VH_F_Placenta,VH_F_basal_plate,1.79586e+06,Yes,Yes
VH_F_Placenta,VH_F_umbilical_vein,1754.88,Yes,Yes
VH_F_Eye_L,VH_F_corneo_scleral_junction_L,9.34389,Yes,Yes
VH_F_Eye_L,VH_F_optic_choroid_L,326.562,Yes,Yes
VH_F_Eye_L,VH_F_bulbar_conjunctiva_L,20.407,No,Yes
VH_F_Eye_L,VH_F_schlemms_canal_L,0.461737,Yes,Yes
VH_F_Eye_L,VH_F_trabecular_meshwork_L,2.4269,Yes,Yes
VH_F_Eye_L,VH_F_ciliary_muscle_L,36.9884,No,Yes
VH_F_Eye_L,VH_F_vitreous_humor_L,4852.19,Yes,Yes
VH_F_Eye_L,VH_F_lens_L,113.045,Yes,Yes
VH_F_Eye_L,VH_F_ciliary_body_L,55.7942,Yes,Yes
VH_F_Eye_L,VH_F_sclera_L,1779.23,Yes,Yes
VH_F_Eye_L,VH_F_optic_disc_L,1.60034,No,Yes
VH_F_Eye_L,VH_F_palpebral_conjunctiva_of_left_upper_eyelid,9.60597,Yes,Yes
VH_F_Eye_L,VH_F_palpebral_conjunctiva_of_left_lower_eyelid,25.8676,No,Yes
VH_F_Eye_L,VH_F_aqueous_humor_L,86.3593,Yes,Yes
VH_F_Eye_L,VH_F_pupil_L,0.914138,No,Yes
VH_F_Eye_L,VH_F_fovea_L,0.258853,Yes,Yes
VH_F_Eye_L,VH_F_ora_serrata_of_retina_L,2.07999,No,Yes
VH_F_Eye_L,VH_F_retina_L,408.916,Yes,Yes
VH_F_Eye_L,VH_F_cornea_L,86.6993,Yes,Yes
VH_F_Eye_L,VH_F_ciliary_processes_L,26.4827,No,Yes
VH_F_Eye_L,VH_F_iris_L,10.1101,Yes,Yes
VH_F_Eye_L,VH_F_suspensory_ligament_of_lens_L,42.9239,No,Yes
VH_F_Eye_L,VH_F_macula_lutea_L,4.21036,Yes,Yes
VH_F_Ovary_R,VH_F_right_ovary,1016.67,Yes,Yes
VH_F_Kidney_R,VH_F_renal_pyramid_R_c,2857.74,Yes,Yes
VH_F_Kidney_R,VH_F_renal_column_R,16061.6,No,Yes
VH_F_Kidney_R,VH_F_renal_pyramid_R_h,3097.75,Yes,Yes
VH_F_Kidney_R,VH_F_kidney_capsule_R,10055.3,Yes,Yes
VH_F_Kidney_R,VH_F_renal_pyramid_R_e,3596.23,Yes,Yes
VH_F_Kidney_R,VH_F_renal_pyramid_R_j,3669.38,Yes,Yes
VH_F_Kidney_R,VH_F_renal_pyramid_R_i,1702.39,Yes,Yes
VH_F_Kidney_R,VH_F_renal_pyramid_R_f,2260.91,Yes,Yes
VH_F_Kidney_R,VH_F_renal_pyramid_R_d,3065.61,Yes,Yes
VH_F_Kidney_R,VH_F_renal_pyramid_R_g,2908.51,Yes,Yes
VH_F_Kidney_R,VH_F_renal_pyramid_R_b,1733.31,Yes,Yes
VH_F_Kidney_R,VH_F_renal_pyramid_R_a,3490.23,Yes,Yes
VH_F_Kidney_R,VH_F_hilum_of_kidney_R,1729.59,No,Yes
VH_F_Kidney_R,VH_F_outer_cortex_of_kidney_R,92191.4,No,Yes
VH_M_Pancreas,VH_M_body_of_pancreas,39919.6,Yes,Yes
VH_M_Pancreas,VH_M_uncinate_process_of_the_pancreas,8861.79,Yes,Yes
VH_M_Pancreas,VH_M_head_of_pancreas,1040.8,No,Yes
VH_M_Pancreas,VH_M_tail_of_pancreas,9847.32,Yes,Yes
VH_M_Pancreas,VH_M_neck_of_pancreas,7095.57,Yes,Yes
VH_F_Ureter_L,VH_F_renal_papilla_L_d,23.3308,Yes,Yes
VH_F_Ureter_L,VH_F_renal_papilla_L_j,52.949,Yes,Yes
VH_F_Ureter_L,VH_F_renal_papilla_L_h,15.1022,Yes,Yes
VH_F_Ureter_L,VH_F_minor_calyx_L_b,26.4445,No,Yes
VH_F_Ureter_L,VH_F_minor_calyx_L_i,45.9745,No,Yes
VH_F_Ureter_L,VH_F_major_calyx_L_a,83.1542,No,Yes
VH_F_Ureter_L,VH_F_renal_papilla_L_k,41.2517,Yes,Yes
VH_F_Ureter_L,VH_F_minor_calyx_L_j,42.2409,No,Yes
VH_F_Ureter_L,VH_F_renal_papilla_L_e,19.3055,Yes,Yes
VH_F_Ureter_L,VH_F_major_calyx_L_d,60.0786,No,Yes
VH_F_Ureter_L,VH_F_renal_papilla_L_f,34.4545,Yes,Yes
VH_F_Ureter_L,VH_F_minor_calyx_L_e,49.7664,Yes,Yes
VH_F_Ureter_L,VH_F_left_ureter,668.666,Yes,Yes
VH_F_Ureter_L,VH_F_renal_papilla_L_b,17.7297,Yes,Yes
VH_F_Ureter_L,VH_F_minor_calyx_L_f,44.1882,No,Yes
VH_F_Ureter_L,VH_F_renal_papilla_L_a,31.8815,Yes,Yes
VH_F_Ureter_L,VH_F_renal_papilla_L_i,38.1669,Yes,Yes
VH_F_Ureter_L,VH_F_renal_pelvis_L,281.475,No,Yes
VH_F_Ureter_L,VH_F_major_calyx_L_c,66.2556,No,Yes
VH_F_Ureter_L,VH_F_minor_calyx_L_a,90.4202,No,Yes
VH_F_Ureter_L,VH_F_minor_calyx_L_d,21.2155,No,Yes
VH_F_Ureter_L,VH_F_minor_calyx_L_g,34.523,No,Yes
VH_F_Ureter_L,VH_F_renal_papilla_L_g,47.3813,Yes,Yes
VH_F_Ureter_L,VH_F_minor_calyx_L_h,71.8559,No,Yes
VH_F_Ureter_L,VH_F_minor_calyx_L_c,49.9739,No,Yes
VH_F_Ureter_L,VH_F_major_calyx_L_b,35.7765,No,Yes
VH_F_Ureter_L,VH_F_renal_papilla_L_c,19.1708,Yes,Yes
VH_F_Blood_Vasculature,VH_F_ophthalmic_vein_R,1.58346,No,Yes
VH_F_Blood_Vasculature,VH_F_celiac_trunk,374.142,Yes,Yes
VH_F_Blood_Vasculature,VH_F_sigmoid_artery_a,143.367,Yes,Yes
VH_F_Blood_Vasculature,VH_F_right_colic_vein,514.356,Yes,Yes
VH_F_Blood_Vasculature,VH_F_hepatic_portal_vein,3612.68,Yes,Yes
VH_F_Blood_Vasculature,VH_F_inferior_rectal_vein_L,1080.49,Yes,Yes
VH_F_Blood_Vasculature,VH_F_splenic_vein,7643.8,No,Yes
VH_F_Blood_Vasculature,VH_F_left_subclavian_artery_a,86.6672,No,Yes
VH_F_Blood_Vasculature,VH_F_anterior_segmental_right_hepatic_artery,247.073,Yes,Yes
VH_F_Blood_Vasculature,VH_F_brachiocephalic_artery_b,2124.69,Yes,Yes
VH_F_Blood_Vasculature,VH_F_middle_hepatic_vein,2222.26,Yes,Yes
VH_F_Blood_Vasculature,VH_F_middle_rectal_vein_R,836.477,Yes,Yes
VH_F_Blood_Vasculature,VH_F_diagonal_branch_of_left_anterior_descending_artery,124.094,Yes,Yes
VH_F_Blood_Vasculature,VH_F_left_common_carotid_artery_b,1044.85,No,Yes
VH_F_Blood_Vasculature,VH_F_pulmonary_vein_R_inf,785.299,No,Yes
VH_F_Blood_Vasculature,VH_F_pulmonary_vein_L_sup,1250.13,No,Yes
VH_F_Blood_Vasculature,VH_F_left_coronary_artery,194.541,Yes,Yes
VH_F_Blood_Vasculature,VH_F_right_coronary_artery,565.325,Yes,Yes
VH_F_Blood_Vasculature,VH_F_left_circumflex_artery,165.015,Yes,Yes
VH_F_Blood_Vasculature,VH_F_sigmoid_vein_b,129.406,Yes,Yes
VH_F_Blood_Vasculature,VH_F_right_hepatic_artery,605.665,Yes,Yes
VH_F_Blood_Vasculature,VH_F_ileocolic_vein,335.91,Yes,Yes
VH_F_Blood_Vasculature,VH_F_superior_mesenteric_vein,3000.7,Yes,Yes
VH_F_Blood_Vasculature,VH_F_inferior_mesenteric_artery,1505.45,Yes,Yes
VH_F_Blood_Vasculature,VH_F_pulmonary_artery_L,1949.86,No,Yes
VH_F_Blood_Vasculature,VH_F_cystic_vein,157.996,Yes,Yes
VH_F_Blood_Vasculature,VH_F_ophthalmic_vein_L,1.58135,No,Yes
VH_F_Blood_Vasculature,VH_F_sigmoid_vein_a,10.5494,Yes,Yes
VH_F_Blood_Vasculature,VH_F_posterior_left_ventricular_branch,141.584,Yes,Yes
VH_F_Blood_Vasculature,VH_F_sigmoid_artery_c,121.011,Yes,Yes
VH_F_Blood_Vasculature,VH_F_middle_colic_artery,658.929,Yes,Yes
VH_F_Blood_Vasculature,VH_F_superior_rectal_artery,858.816,Yes,Yes
VH_F_Blood_Vasculature,VH_F_left_marginal_vein,102.845,No,Yes
VH_F_Blood_Vasculature,VH_F_coronary_sinus,880.983,No,Yes
VH_F_Blood_Vasculature,VH_F_left_posterior_descending_branch_of_circumflex_branch_of_left_coronary_artery,219.072,Yes,Yes
VH_F_Blood_Vasculature,VH_F_right_uterine_vein,167.887,Yes,Yes
VH_F_Blood_Vasculature,VH_F_left_uterine_artery,303.1,Yes,Yes
VH_F_Blood_Vasculature,VH_F_right_hepatic_vein,2087.96,Yes,Yes
VH_F_Blood_Vasculature,VH_F_right_renal_artery,681.646,Yes,Yes
VH_F_Blood_Vasculature,VH_F_right_branch_of_portal_vein,1630.4,Yes,Yes
VH_F_Blood_Vasculature,VH_F_central_retinal_artery_L,0.883477,Yes,Yes
VH_F_Blood_Vasculature,VH_F_middle_rectal_vein_L,910.322,Yes,Yes
VH_F_Blood_Vasculature,VH_F_inferior_ophthalmic_vein_L,29.1421,No,Yes
VH_F_Blood_Vasculature,VH_F_right_uterine_artery,325.626,Yes,Yes
VH_F_Blood_Vasculature,VH_F_splenic_artery,1411.08,Yes,Yes
VH_F_Blood_Vasculature,VH_F_pulmonary_trunk,2164.02,No,Yes
VH_F_Blood_Vasculature,VH_F_pulmonary_artery_R,2026.26,No,Yes
VH_F_Blood_Vasculature,VH_F_left_marginal_branch,85.7625,Yes,Yes
VH_F_Blood_Vasculature,VH_F_middle_colic_vein,786.505,Yes,Yes
VH_F_Blood_Vasculature,VH_F_internal_pudendal_vein_R,1243.5,Yes,Yes
VH_F_Blood_Vasculature,VH_F_inferior_vena_cava_a,4635.64,No,Yes
VH_F_Blood_Vasculature,VH_F_sigmoid_vein_c,105.785,Yes,Yes
VH_F_Blood_Vasculature,VH_F_inferior_pancreaticoduodenal_vein,194.521,Yes,Yes
VH_F_Blood_Vasculature,VH_F_left_uterine_vein,169.309,Yes,Yes
VH_F_Blood_Vasculature,VH_F_left_colic_artery,514.069,Yes,Yes
VH_F_Blood_Vasculature,VH_F_left_common_iliac_vein,11468.9,Yes,Yes
VH_F_Blood_Vasculature,VH_F_cystic_artery,257.159,Yes,Yes
VH_F_Blood_Vasculature,VH_F_right_colic_artery,893.181,Yes,Yes
VH_F_Blood_Vasculature,VH_F_descending_aorta_a,46595.7,Yes,Yes
VH_F_Blood_Vasculature,VH_F_right_marginal_artery,177.632,No,Yes
VH_F_Blood_Vasculature,VH_F_median_sacral_vein,613.577,Yes,Yes
VH_F_Blood_Vasculature,VH_F_left_colic_vein,94.7771,Yes,Yes
VH_F_Blood_Vasculature,VH_F_superior_ophthalmic_vein_R,34.3827,No,Yes
VH_F_Blood_Vasculature,VH_F_right_renal_vein,704.103,No,Yes
VH_F_Blood_Vasculature,VH_F_oblique_vein_of_left_atrium,18.7264,Yes,Yes
VH_F_Blood_Vasculature,VH_F_left_branch_of_portal_vein,1615.31,Yes,Yes
VH_F_Blood_Vasculature,VH_F_superior_mesenteric_artery,2121.54,Yes,Yes
VH_F_Blood_Vasculature,VH_F_proper_hepatic_artery,478.207,Yes,Yes
VH_F_Blood_Vasculature,VH_F_opthalmic_artery_R,51.9996,No,Yes
VH_F_Blood_Vasculature,VH_F_inferior_mesenteric_vein,1472.03,No,Yes
VH_F_Blood_Vasculature,VH_F_superior_vena_cava,4582.24,Yes,Yes
VH_F_Blood_Vasculature,VH_F_great_cardiac_vein,286.123,Yes,Yes
VH_F_Blood_Vasculature,VH_F_opthalmic_artery_L,51.9657,No,Yes
VH_F_Blood_Vasculature,VH_F_left_anterior_descending_artery,460.959,Yes,Yes
VH_F_Blood_Vasculature,VH_F_ileocolic_artery,455.698,No,Yes
VH_F_Blood_Vasculature,VH_F_middle_hepatic_artery_branch_of_left_hepatic_artery,274.171,Yes,Yes
VH_F_Blood_Vasculature,VH_F_central_retinal_vein_R,0.764884,Yes,Yes
VH_F_Blood_Vasculature,VH_F_inferior_ophthalmic_vein_R,29.2842,No,Yes
VH_F_Blood_Vasculature,VH_F_marginal_artery_of_Drummond,4992.78,No,Yes
VH_F_Blood_Vasculature,VH_F_superior_ophthalmic_vein_L,34.4671,No,Yes
VH_F_Blood_Vasculature,VH_F_left_hepatic_artery,999.275,Yes,Yes
VH_F_Blood_Vasculature,VH_F_inferior_vena_cava_b,30488.8,No,Yes
VH_F_Blood_Vasculature,VH_F_left_hepatic_vein,2150.91,Yes,Yes
VH_F_Blood_Vasculature,VH_F_pulmonary_vein_R_sup,1842.91,No,Yes
VH_F_Blood_Vasculature,VH_F_posterior_segmental_right_hepatic_artery,534.583,Yes,Yes
VH_F_Blood_Vasculature,VH_F_brachiocephalic_artery_a,55.6265,No,Yes
VH_F_Blood_Vasculature,VH_F_sigmoid_artery_b,96.8962,Yes,Yes
VH_F_Blood_Vasculature,VH_F_common_hepatic_artery,341.189,Yes,Yes
VH_F_Blood_Vasculature,VH_F_left_renal_vein,2212.91,No,Yes
VH_F_Blood_Vasculature,VH_F_small_cardiac_vein,812.041,Yes,Yes
VH_F_Blood_Vasculature,VH_F_middle_cardiac_vein,101.208,No,Yes
VH_F_Blood_Vasculature,VH_F_left_renal_artery,1071.11,No,Yes
VH_F_Blood_Vasculature,VH_F_ascending_aorta,11394.9,Yes,Yes
VH_F_Blood_Vasculature,VH_F_posterior_vein_of_left_ventricle,213.218,Yes,Yes
VH_F_Blood_Vasculature,VH_F_internal_iliac_vein_L,1031.27,Yes,Yes
VH_F_Blood_Vasculature,VH_F_aortic_arch,12694.8,No,Yes
VH_F_Blood_Vasculature,VH_F_central_retinal_artery_R,0.885187,Yes,Yes
VH_F_Blood_Vasculature,VH_F_left_common_carotid_artery_a,238.436,Yes,Yes
VH_F_Blood_Vasculature,VH_F_right_common_iliac_vein,6079.28,Yes,Yes
VH_F_Blood_Vasculature,VH_F_anterior_cardiac_vein,171.793,No,Yes
VH_F_Blood_Vasculature,VH_F_pulmonary_vein_L_inf,828.714,No,Yes
VH_F_Blood_Vasculature,VH_F_superior_rectal_vein,295.275,Yes,Yes
VH_F_Blood_Vasculature,VH_F_inferior_rectal_vein_R,807.317,Yes,Yes
VH_F_Blood_Vasculature,VH_F_internal_iliac_vein_R,1717.35,Yes,Yes
VH_F_Blood_Vasculature,VH_F_descending_aorta_b,67999.6,Yes,Yes
VH_F_Blood_Vasculature,VH_F_left_subclavian_artery_b,1434.67,Yes,Yes
VH_F_Blood_Vasculature,VH_F_internal_pudendal_vein_L,1160.6,Yes,Yes
VH_F_Blood_Vasculature,VH_F_central_retinal_vein_L,0.764811,Yes,Yes
VH_M_Knee_L,VH_M_medial_perichondular_surface_L,541.095,Yes,Yes
VH_M_Knee_L,VH_M_medial_condyle_of_left_femur_sup,1594.16,Yes,Yes
VH_M_Knee_L,VH_M_posterior_cruciate_enthesis_L,61.7663,No,Yes
VH_M_Knee_L,VH_M_intercondylar_fossa_L,58.3202,No,Yes
VH_M_Knee_L,VH_M_articular_cartilage_of_knee_L,1067.81,No,Yes
VH_M_Knee_L,VH_M_patella_L,24391.2,Yes,Yes
VH_M_Knee_L,VH_M_anterior_cruciate_enthesis_L,59.2806,No,Yes
VH_M_Knee_L,VH_M_tibia_L,406288,Yes,Yes
VH_M_Knee_L,VH_M_fibula_L,62279.7,Yes,Yes
VH_M_Knee_L,VH_M_medial_epicondylar_enthesis_L,89.6635,Yes,Yes
VH_M_Knee_L,VH_M_medial_condyle_of_left_femur_inf,9495.79,Yes,Yes
VH_M_Knee_L,VH_M_meniscus_L,5640.86,Yes,Yes
VH_M_Knee_L,VH_M_lateral_condyle_of_femur_inf_L,7629.53,Yes,Yes
VH_M_Knee_L,VH_M_lateral_condyle_of_femur_sup_L,2954.01,Yes,Yes
VH_M_Knee_L,VH_M_patellar_surface_L,13.7624,No,Yes
VH_M_Knee_L,VH_M_femur_L,659382,Yes,Yes
VH_M_Knee_L,VH_M_lateral_perichondular_surface_L,22.0838,No,Yes
VH_M_Knee_L,VH_M_lateral_epicondylar_enthesis_L,10.526,No,Yes
VH_M_Knee_L,VH_M_lateral_condyle_of_femur_frontal_L,1663.81,Yes,Yes
VH_M_Knee_L,VH_M_distal_most_point_of_medial_condyle_of_femur_L,2091.88,Yes,Yes
SBU_F_Intestine_Large,VH_F_splenic_flexure_of_colon,15991.1,No,Yes
SBU_F_Intestine_Large,VH_F_rectum,13986.8,No,Yes
SBU_F_Intestine_Large,VH_F_caecum,13881.3,No,Yes
SBU_F_Intestine_Large,VH_F_ascending_colon,30915.7,No,Yes
SBU_F_Intestine_Large,VH_F_vermiform_appendix,301.163,No,Yes
SBU_F_Intestine_Large,VH_F_ileocecal_valve,34.867,No,Yes
SBU_F_Intestine_Large,VH_F_transverse_colon,169486,No,Yes
SBU_F_Intestine_Large,VH_F_descending_colon,179064,No,Yes
SBU_F_Intestine_Large,VH_F_hepatic_flexure_of_colon,19289.3,No,Yes
SBU_F_Intestine_Large,VH_F_sigmoid_colon,27671.1,No,Yes
VH_F_Lung,VH_F_right_medial_basal_bronchus,548.584,Yes,Yes
VH_F_Lung,VH_F_right_medial_basal_bronchopulmonary_segment,744.174,No,Yes
VH_F_Lung,VH_F_right_superior_lobar_bronchus,3113.79,Yes,Yes
VH_F_Lung,VH_F_left_lateral_basal_bronchus,508.459,Yes,Yes
VH_F_Lung,VH_F_left_anterior_basal_bronchus,91.0806,No,Yes
VH_F_Lung,VH_F_right_lateral_bronchopulmonary_segmennt,83916.2,Yes,Yes
VH_F_Lung,VH_F_right_anterior_basal_bronchus,1277.19,Yes,Yes
VH_F_Lung,VH_F_hilum_upper_L,444.617,No,Yes
VH_F_Lung,VH_F_left_posterior_basal_bronchus,1617.96,Yes,Yes
VH_F_Lung,VH_F_left_lingula_superior_bronchus,2539.33,Yes,Yes
VH_F_Lung,VH_F_right_posterior_bronchopulmonary_segment,161361,Yes,Yes
VH_F_Lung,VH_F_lungs_left_main_bronchus,11465.1,Yes,Yes
VH_F_Lung,VH_F_right_medial_bronchopulmonary_segment,149921,Yes,Yes
VH_F_Lung,VH_F_corniculate_cartilage_R,50.2584,Yes,Yes
VH_F_Lung,VH_F_lingula_superior_bronchopulmonary_segment,230782,Yes,Yes
VH_F_Lung,VH_F_hilum_lower_R,2919.09,No,Yes
VH_F_Lung,VH_F_arytenoid_cartilage_R,483.319,Yes,Yes
VH_F_Lung,VH_F_left_posterior_bronchus,1038.99,Yes,Yes
VH_F_Lung,VH_F_tracheal_cartilage,1638.02,No,Yes
VH_F_Lung,VH_F_right_lateral_basal_bronchus,533.064,Yes,Yes
VH_F_Lung,VH_F_epiglotic_cartilage,1093.15,Yes,Yes
VH_F_Lung,VH_F_left_posterior_basal_bronchopulmonary_segment,9379.89,No,Yes
VH_F_Lung,VH_F_left_anterior_bronchopulmonary_segment,320070,Yes,Yes
VH_F_Lung,VH_F_left_superior_bronchus,741.283,Yes,Yes
VH_F_Lung,VH_F_right_medial_bronchus,1035.45,Yes,Yes
VH_F_Lung,VH_F_corniculate_cartilage_L,31.3046,Yes,Yes
VH_F_Lung,VH_F_left_superior_bronchopulmonary_segment,128876,Yes,Yes
VH_F_Lung,VH_F_right_posterior_basal_bronchus,854.197,Yes,Yes
VH_F_Lung,VH_F_left_anterior_basal_bronchopulmonary_segment,2863.99,No,Yes
VH_F_Lung,VH_F_right_anterior_basal_bronchopulmonary_segment,15925.4,No,Yes
VH_F_Lung,VH_F_right_main_lobar_bronchus,10265.6,Yes,Yes
VH_F_Lung,VH_F_left_inferior_lobar_bronchus,6687.21,Yes,Yes
VH_F_Lung,VH_F_left_superior_lobar_bronchus,3556.1,Yes,Yes
VH_F_Lung,VH_F_right_lateral_bronchus,588.975,Yes,Yes
VH_F_Lung,VH_F_lingula_inferior_bronchopulmonary_segment,5335.08,No,Yes
VH_F_Lung,VH_F_left_lingula_inferior_bronchi,857.303,No,Yes
VH_F_Lung,VH_F_left_medial_basal_bronchopulmonary_segment,9618.89,No,Yes
VH_F_Lung,VH_F_right_posterior_bronchus,2242.42,Yes,Yes
VH_F_Lung,VH_F_carina,217.671,Yes,Yes
VH_F_Lung,VH_F_right_inferior_lobar_bronchus,7349.54,Yes,Yes
VH_F_Lung,VH_F_bronchial_cartilage,74133,No,Yes
VH_F_Lung,VH_F_cricoid_cartilage,4233.93,Yes,Yes
VH_F_Lung,VH_F_right_lateral_basal_bronchopulmonary_segment,4365.86,No,Yes
VH_F_Lung,VH_F_hilum_R,7313.21,No,Yes
VH_F_Lung,VH_F_left_apical_bronchopulmonary_segment,113080,Yes,Yes
VH_F_Lung,VH_F_right_apical_bronchopulmonary_segment,151252,Yes,Yes
VH_F_Lung,VH_F_arytenoid_cartilage_L,452.76,Yes,Yes
VH_F_Lung,VH_F_hilum_lower_L,308.284,No,Yes
VH_F_Lung,VH_F_hilum_middle_R,9281.23,Yes,Yes
VH_F_Lung,VH_F_right_anterior_bronchus,2374.75,Yes,Yes
VH_F_Lung,VH_F_trachea,10711.5,No,Yes
VH_F_Lung,VH_F_hilum_upper_R,901.825,No,Yes
VH_F_Lung,VH_F_right_posterior_basal_bronchopulmonary_segment,188754,Yes,Yes
VH_F_Lung,VH_F_right_superior_bronchus,1155.52,Yes,Yes
VH_F_Lung,VH_F_left_anterior_bronchus,943.234,Yes,Yes
VH_F_Lung,VH_F_left_medial_basal_bronchus,381.109,Yes,Yes
VH_F_Lung,VH_F_right_apical_bronchus,2537.35,Yes,Yes
VH_F_Lung,VH_F_right_middle_lobar_bronchus,1031.31,Yes,Yes
VH_F_Lung,VH_F_right_anterior_bronchopulmonary_segm,18804,No,Yes
VH_F_Lung,VH_F_hilum_L,1097.36,No,Yes
VH_F_Lung,VH_F_left_posterior_bronchopulmonary_segment,155014,Yes,Yes
VH_F_Lung,VH_F_thyroid_cartilage,4633.81,Yes,Yes
VH_F_Lung,VH_F_right_superior_bronchopulmonary_segment,9208.7,No,Yes
VH_F_Lung,VH_F_left_apical_bronchus,417.869,Yes,Yes
VH_F_Lung,VH_F_left_lateral_basal_bronchopulmonary_segment,58119.8,Yes,Yes
VH_M_Eye_R,VH_M_macula_lutea_R,4.21033,Yes,Yes
VH_M_Eye_R,VH_M_palpebral_conjunctiva_of_upper_eyelid_R,9.60619,Yes,Yes
VH_M_Eye_R,VH_M_schlemms_canal_R,0.461736,Yes,Yes
VH_M_Eye_R,VH_M_suspensory_ligament_of_lens_R,2.92951,Yes,Yes
VH_M_Eye_R,VH_M_retina_R,408.907,Yes,Yes
VH_M_Eye_R,VH_M_ora_serrata_of_retina_R,2.10238,No,Yes
VH_M_Eye_R,VH_M_corneo_scleral_junction_R,9.34383,Yes,Yes
VH_M_Eye_R,VH_M_fovea_R,0.258866,Yes,Yes
VH_M_Eye_R,VH_M_sclera_R,1779.22,Yes,Yes
VH_M_Eye_R,VH_M_optic_disc_R,1.60028,No,Yes
VH_M_Eye_R,VH_M_ciliary_body_R,55.7942,Yes,Yes
VH_M_Eye_R,VH_M_ciliary_processes_R,26.4575,No,Yes
VH_M_Eye_R,VH_M_cornea_R,86.6993,Yes,Yes
VH_M_Eye_R,VH_M_trabecular_meshwork_R,2.42688,Yes,Yes
VH_M_Eye_R,VH_M_iris_R,10.1661,Yes,Yes
VH_M_Eye_R,VH_M_lens_R,112.793,Yes,Yes
VH_M_Eye_R,VH_M_bulbar_conjunctiva_R,20.4252,No,Yes
VH_M_Eye_R,VH_M_palpebral_conjunctiva_of_lower_eyelid_R,25.8556,No,Yes
VH_M_Eye_R,VH_M_pupil_R,0.91415,No,Yes
VH_M_Eye_R,VH_M_ciliary_muscle_R,36.9643,No,Yes
VH_M_Eye_R,VH_M_aqueous_humor_R,91.1813,No,Yes
VH_M_Eye_R,VH_M_optic_choroid_R,326.564,Yes,Yes
VH_M_Eye_R,VH_M_vitreous_humor_R,4867.52,Yes,Yes
VH_F_Fallopian_Tube_L,VH_F_ampulla_of_uterine_tube_L,209.885,Yes,Yes
VH_F_Fallopian_Tube_L,VH_F_isthmus_of_fallopian_tube_L,52.2868,Yes,Yes
VH_F_Fallopian_Tube_L,VH_F_fibria_of_uterine_tube_L,40.1163,Yes,Yes
VH_F_Fallopian_Tube_L,VH_F_uterine_tube_infundibulum_L,122.074,Yes,Yes
3d-vh-f-skin,VH_F_skin,8.85214e+07,No,Yes
VH_M_Heart,VH_M_left_cardiac_atrium,34936.9,No,Yes
VH_M_Heart,VH_M_aortic_valve,3027.46,Yes,Yes
VH_M_Heart,VH_M_heart_right_ventricle,86101.7,No,Yes
VH_M_Heart,VH_M_papillary_muscle_of_heart_anterolateral,1127.47,Yes,Yes
VH_M_Heart,VH_M_interventricular_septum,30001,No,Yes
VH_M_Heart,VH_M_pulmonary_valve,1422.5,No,Yes
VH_M_Heart,VH_M_heart_left_ventricle,121604,Yes,Yes
VH_M_Heart,VH_M_papillary_muscle_of_heart_anterior,955.994,Yes,Yes
VH_M_Heart,VH_M_mitral_valve,3507.07,No,Yes
VH_M_Heart,VH_M_papillary_muscle_of_heart_posterior,77.2547,Yes,Yes
VH_M_Heart,VH_M_papillary_muscle_of_heart_posteromedial,1193.81,Yes,Yes
VH_M_Heart,VH_M_tricuspid_valve,4237.23,Yes,Yes
VH_M_Heart,VH_M_papillary_muscle_of_heart_medial,101.456,Yes,Yes
VH_M_Heart,VH_M_right_cardiac_atrium,34610.8,No,Yes
SBU_M_Intestine_Large,VH_M_caecum,127775,Yes,Yes
SBU_M_Intestine_Large,VH_M_ileocecal_valve,466.725,No,Yes
SBU_M_Intestine_Large,VH_M_rectum,65064.3,No,Yes
SBU_M_Intestine_Large,VH_M_vermiform_appendix,1062.98,Yes,Yes
SBU_M_Intestine_Large,VH_M_descending_colon,119090,Yes,Yes
SBU_M_Intestine_Large,VH_M_splenic_flexure_of_colon,65223.5,No,Yes
SBU_M_Intestine_Large,VH_M_transverse_colon,364973,Yes,Yes
SBU_M_Intestine_Large,VH_M_ascending_colon,238661,Yes,Yes
SBU_M_Intestine_Large,VH_M_sigmoid_colon,102744,No,Yes
SBU_M_Intestine_Large,VH_M_hepatic_flexure_of_colon,78448.8,No,Yes
VH_F_Pancreas,VH_F_head_of_pancreas,24297.2,Yes,Yes
VH_F_Pancreas,VH_F_uncinate_process,7611.77,Yes,Yes
VH_F_Pancreas,VH_F_neck_of_pancreas,11090.3,Yes,Yes
VH_F_Pancreas,VH_F_tail_of_pancreas,12951.2,Yes,Yes
VH_F_Pancreas,VH_F_body_of_pancreas,40890.4,Yes,Yes
VH_F_Spinal_Cord,VH_F_third_thoracic_spinal_cord_segment,1129.24,Yes,Yes
VH_F_Spinal_Cord,VH_F_C5_segment_of_cervical_spinal_cord,684.083,Yes,Yes
VH_F_Spinal_Cord,VH_F_fifth_lumbar_spinal_cord_segment,288.767,Yes,Yes
VH_F_Spinal_Cord,VH_F_first_thoracic_spinal_cord_segment,1108.03,Yes,Yes
VH_F_Spinal_Cord,VH_F_tenth_thoracic_spinal_cord_segment,1518.66,Yes,Yes
VH_F_Spinal_Cord,VH_F_second_thoracic_spinal_cord_segment,1035,Yes,Yes
VH_F_Spinal_Cord,VH_F_eigth_thoracic_spinal_cord_segment,1215.53,Yes,Yes
VH_F_Spinal_Cord,VH_F_C4_segment_of_cervical_spinal_cord,806.98,Yes,Yes
VH_F_Spinal_Cord,VH_F_twelfth_thoracic_spinal_cord_segment,1435.49,Yes,Yes
VH_F_Spinal_Cord,VH_F_third_sacral_spinal_cord_segment,108.003,Yes,Yes
VH_F_Spinal_Cord,VH_F_C8_segment_of_cervical_spinal_cord,913.168,Yes,Yes
VH_F_Spinal_Cord,VH_F_C2_segment_of_cervical_spinal_cord,885.037,Yes,Yes
VH_F_Spinal_Cord,VH_F_C1_segment_of_cervical_spinal_cord,904.429,Yes,Yes
VH_F_Spinal_Cord,VH_F_first_lumbar_spinal_cord_segment,1256.45,Yes,Yes
VH_F_Spinal_Cord,VH_F_C7_segment_of_cervical_spinal_cord,1045.06,Yes,Yes
VH_F_Spinal_Cord,VH_F_third_lumbar_spinal_cord_segment,732.144,Yes,Yes
VH_F_Spinal_Cord,VH_F_fourth_sacral_spinal_cord_segment,60.8684,Yes,Yes
VH_F_Spinal_Cord,VH_F_seventh_thoracic_spinal_cord_segment,1276.71,Yes,Yes
VH_F_Spinal_Cord,VH_F_fourth_lumbar_spinal_cord_segment,483.851,Yes,Yes
VH_F_Spinal_Cord,VH_F_sixth_thoracic_spinal_cord_segment,1444.26,Yes,Yes
VH_F_Spinal_Cord,VH_F_second_sacral_spinal_cord_segment,144.818,Yes,Yes
VH_F_Spinal_Cord,VH_F_C6_segment_of_cervical_spinal_cord,818.549,Yes,Yes
VH_F_Spinal_Cord,VH_F_eleventh_thoracic_spinal_cord_segment,1316.84,Yes,Yes
VH_F_Spinal_Cord,VH_F_second_lumbar_spinal_cord_segment,820.523,Yes,Yes
VH_F_Spinal_Cord,VH_F_fifth_thoracic_spinal_cord_segment,1307.22,Yes,Yes
VH_F_Spinal_Cord,VH_F_first_sacral_spinal_cord_segment,219.367,Yes,Yes
VH_F_Spinal_Cord,VH_F_fourth_thoracic_spinal_cord_segment,1269.33,Yes,Yes
VH_F_Spinal_Cord,VH_F_C3_segment_of_cervical_spinal_cord,1134.5,Yes,Yes
VH_F_Spinal_Cord,VH_F_ninth_thoracic_spinal_cord_segment,1469,Yes,Yes
VH_M_Lung,VH_M_corniculate_cartilage_L,24.7283,No,Yes
VH_M_Lung,VH_M_right_intermediate_bronchus,4368.84,Yes,Yes
VH_M_Lung,VH_M_right_posterior_basal_bronchopulmonary_segment,11669.5,No,Yes
VH_M_Lung,VH_M_right_medial_basal_bronchopulmonary_segment,1719.85,No,Yes
VH_M_Lung,VH_M_hilum_upper_R,604.737,No,Yes
VH_M_Lung,VH_M_left_inferior_lobar_bronchus,3632.2,Yes,Yes
VH_M_Lung,VH_M_right_lateral_bronchopulmonary_segment,162411,Yes,Yes
VH_M_Lung,VH_M_epiglottic_cartilage,3033.57,No,Yes
VH_M_Lung,VH_M_right_middle_lobar_bronchus,1427.66,Yes,Yes
VH_M_Lung,VH_M_left_anterior_basal_bronchus,1060.96,Yes,Yes
VH_M_Lung,VH_M_right_lateral_basal_bronchopulmonary_segment,6097.83,No,Yes
VH_M_Lung,VH_M_right_anterior_basal_bronchopulmonary_segment,10537.3,No,Yes
VH_M_Lung,VH_M_left_lateral_basal_bronchopulmonary_segment,80293.1,Yes,Yes
VH_M_Lung,VH_M_right_anterior_bronchus,2260.75,Yes,Yes
VH_M_Lung,VH_M_hilum_middle_R,180.802,No,Yes
VH_M_Lung,VH_M_left_anterior_bronchus,4557.78,Yes,Yes
VH_M_Lung,VH_M_right_main_bronchus,3766.29,Yes,Yes
VH_M_Lung,VH_M_right_lateral_bronchus,665.072,Yes,Yes
VH_M_Lung,VH_M_thyroid_cartilage,7562.92,Yes,Yes
VH_M_Lung,VH_M_hilum_L,4265.82,No,Yes
VH_M_Lung,VH_M_right_anterior_basal_bronchus,1325.79,Yes,Yes
VH_M_Lung,VH_M_left_posterior_basal_bronchus,3271.92,No,Yes
VH_M_Lung,VH_M_left_lingula_superior_bronchus,254.022,Yes,Yes
VH_M_Lung,VH_M_right_apical_bronchopulmonary_segment,72834.2,Yes,Yes
VH_M_Lung,VH_M_left_posetrior_basal_bronchopulmonary_segment,213130,Yes,Yes
VH_M_Lung,VH_M_right_apical_bronchus,1422.84,No,Yes
VH_M_Lung,VH_M_right_superior_bronchopulmonary_segment,357859,Yes,Yes
VH_M_Lung,VH_M_right_superior_bronchus,1636.41,Yes,Yes
VH_M_Lung,VH_M_hilum_lower_L,1354.59,No,Yes
VH_M_Lung,VH_M_right_lower_lobar_bronchus,3117.71,Yes,Yes
VH_M_Lung,VH_M_arytenoid_cartilage_L,429.524,No,Yes
VH_M_Lung,VH_M_right_posterior_bronchus,1064.75,Yes,Yes
VH_M_Lung,VH_M_right_lateral_basal_bronchus,1973.21,Yes,Yes
VH_M_Lung,VH_M_hilum_R,4742.5,No,Yes
VH_M_Lung,VH_M_left_apical_bronchus,1081.02,No,Yes
VH_M_Lung,VH_M_carina,230.445,No,Yes
VH_M_Lung,VH_M_left_superior_bronchopulmonary_segment,293476,Yes,Yes
VH_M_Lung,VH_M_hilum_lower_R,2013.83,No,Yes
VH_M_Lung,VH_M_left_superior_lobar_bronchus,2763.3,Yes,Yes
VH_M_Lung,VH_M_left_superior_bronchus,1702.09,Yes,Yes
VH_M_Lung,VH_M_left_lateral_basal_bronchus,1694.83,Yes,Yes
VH_M_Lung,VH_M_right_medial_bronchus,866.458,Yes,Yes
VH_M_Lung,VH_M_left_anterior_bronchopulmonary_segment,444225,Yes,Yes
VH_M_Lung,VH_M_right_anterior_bronchopulmonary_segment,309072,Yes,Yes
VH_M_Lung,VH_M_left_medial_basal_bronchus,1002.65,Yes,Yes
VH_M_Lung,VH_M_left_lingular_bronchus,608.558,Yes,Yes
VH_M_Lung,VH_M_right_posterior_bronchopulmonary_segment,353229,Yes,Yes
VH_M_Lung,VH_M_arytenoid_cartilage_R,475.801,No,Yes
VH_M_Lung,VH_M_left_apical_bronchopulmonary_segment,174591,Yes,Yes
VH_M_Lung,VH_M_left_medial_basal_bronchopulmonary_segment,5356.68,No,Yes
VH_M_Lung,VH_M_left_posterior_bronchopulmonary_segment,240985,Yes,Yes
VH_M_Lung,VH_M_right_medial_basal_bronchus,917.344,Yes,Yes
VH_M_Lung,VH_M_trachea,18253.5,Yes,Yes
VH_M_Lung,VH_M_left_lingula_inferior_bronchopulmonary_segment,12077.8,No,Yes
VH_M_Lung,VH_M_corniculate_cartilage_R,35.9809,No,Yes
VH_M_Lung,VH_M_bronchial_cartilage,116432,No,Yes
VH_M_Lung,VH_M_cricoid_cartilage,4431.15,Yes,Yes
VH_M_Lung,VH_M_bronchus,412.291,Yes,Yes
VH_M_Lung,VH_M_tracheal_cartilage,4583.03,No,Yes
VH_M_Lung,VH_M_right_medial_bronchopulmonary_segment,229965,Yes,Yes
VH_M_Lung,VH_M_left_anterior_basal_bronchopulmonary_segment,134221,Yes,Yes
VH_M_Lung,VH_M_left_lingula_superior_bronchopulmonary_segment,17523.3,No,Yes
VH_M_Lung,VH_M_hilum_upper_L,1514.03,No,Yes
VH_M_Lung,VH_M_right_superior_lobar_bronchus,2272.7,Yes,Yes
VH_M_Lung,VH_M_right_posterior_basal,1375.04,Yes,Yes
VH_M_Lung,VH_M_left_lingula_inferior_bronchus,390.228,Yes,Yes
VH_M_Lung,VH_M_left_main_bronchus,7790.21,Yes,Yes
VH_F_Small_Intestine,VH_F_sphincter_of_heptopancreatic_ampulla,32.5196,No,Yes
VH_F_Small_Intestine,VH_F_ileum_terminal,5664.21,No,Yes
VH_F_Small_Intestine,VH_F_duodenal_ampulla,1433.38,No,Yes
VH_F_Small_Intestine,VH_F_duodenum_ascending,2639.23,No,Yes
VH_F_Small_Intestine,VH_F_duodenum_horizontal,5370.76,No,Yes
VH_F_Small_Intestine,VH_F_duodenum_superior,6614.7,Yes,Yes
VH_F_Small_Intestine,VH_F_ileum,182920,No,Yes
VH_F_Small_Intestine,VH_F_duodenum_descending,5124.31,No,Yes
VH_F_Small_Intestine,VH_F_jejenum,63865.7,No,Yes
NIH_F_Lymph_Node,Yao_medulla_of_lymph_node,398.911,No,Yes
NIH_F_Lymph_Node,Yao_blood_vasculature,494.854,No,Yes
NIH_F_Lymph_Node,Yao_afferent_lymphatic_vessel,1.96754,No,Yes
NIH_F_Lymph_Node,Yao_efferent_lymph_node,30.8832,Yes,Yes
NIH_F_Lymph_Node,Yao_paracortex,294.151,Yes,Yes
NIH_F_Lymph_Node,Yao_capsule_of_lymph_node,47.748,No,Yes
NIH_F_Lymph_Node,Yao_follicles,96.6446,Yes,Yes
VH_M_Liver,VH_M_round_ligament_of_liver,2177.58,Yes,Yes
VH_M_Liver,VH_M_bare_area_of_liver,10332.2,No,Yes
VH_M_Liver,VH_M_right_anterosuperior_segment,160629,Yes,Yes
VH_M_Liver,VH_M_renal_impression_of_liver,614.911,No,Yes
VH_M_Liver,VH_M_right_posterosuperior_segment,7466.53,No,Yes
VH_M_Liver,VH_M_suprarenal_impression_of_liver,92.2011,No,Yes
VH_M_Liver,VH_M_diaphragmatic_surface,49294.6,No,Yes
VH_M_Liver,VH_M_right_anteroinferior_segment,14094,No,Yes
VH_M_Liver,VH_M_duodenal_impression_of_liver,80.513,No,Yes
VH_M_Liver,VH_M_coronary_ligament_of_liver,8186.21,Yes,Yes
VH_M_Liver,VH_M_left_posterolateral_segment,5684.55,No,Yes
VH_M_Liver,VH_M_liver_capsule,74440.5,Yes,Yes
VH_M_Liver,VH_M_quadrate_lobe_of_liver,2055.02,No,Yes
VH_M_Liver,VH_M_porta_hepatis,-27778.2,Yes,Yes
VH_M_Liver,VH_M_left_superiomedial_segment,2345,No,Yes
VH_M_Liver,VH_M_falciform_ligament,3466.1,Yes,Yes
VH_M_Liver,VH_M_hepataduodenal_ligament,2237.85,No,Yes
VH_M_Liver,VH_M_caudate_lobe_of_liver,139492,Yes,Yes
VH_M_Liver,VH_M_triangular_ligament_of_liver,328.825,Yes,Yes
VH_M_Liver,VH_M_gastric_impression_of_liver,1277.28,No,Yes
VH_M_Liver,VH_M_esophageal_impression_of_liver,282.668,No,Yes
VH_M_Liver,VH_M_right_posteroinferior_segment,294250,Yes,Yes
VH_M_Liver,VH_M_ligamentum_venosum,2656.03,Yes,Yes
VH_M_Liver,VH_M_left_inferomedial_segment,988.185,No,Yes
VH_M_Liver,VH_M_left_anterolateral_segment,3463.18,No,Yes
VH_M_Liver,VH_M_colic_impression_of_liver,-37066.6,Yes,Yes
VH_M_Knee_R,VH_M_fibula_R,62279.7,Yes,Yes
VH_M_Knee_R,VH_M_tibia_R,406288,Yes,Yes
VH_M_Knee_R,VH_M_articular_cartilage_of_knee_R,1072.72,No,Yes
VH_M_Knee_R,VH_M_lateral_condyle_of_femur_sup_R,2933.54,Yes,Yes
VH_M_Knee_R,VH_M_femur_R,658791,Yes,Yes
VH_M_Knee_R,VH_M_lateral_epicondylar_enthesis_R,10.5265,No,Yes
VH_M_Knee_R,VH_M_meniscus_R,5640.87,Yes,Yes
VH_M_Knee_R,VH_M_lateral_condyle_of_femur_frontal_R,1618.03,Yes,Yes
VH_M_Knee_R,VH_M_lateral_perichondular_surface_R,22.0803,No,Yes
VH_M_Knee_R,VH_M_distal_most_point_of_medial_condyle_of_femur_R,2047.75,Yes,Yes
VH_M_Knee_R,VH_M_medial_condyle_of_right_femur_inf,9416.57,Yes,Yes
VH_M_Knee_R,VH_M_anterior_cruciate_enthesis_R,59.2832,No,Yes
VH_M_Knee_R,VH_M_medial_epicondylar_enthesis_R,10.8924,No,Yes
VH_M_Knee_R,VH_M_posterior_cruciate_enthesis_R,62.0381,No,Yes
VH_M_Knee_R,VH_M_medial_condyle_of_right_femur_sup,1627.52,Yes,Yes
VH_M_Knee_R,VH_M_medial_perichondular_surface_R,32.9325,No,Yes
VH_M_Knee_R,VH_M_patella_R,24391.2,Yes,Yes
VH_M_Knee_R,VH_M_patellar_surface_R,13.7492,No,Yes
VH_M_Knee_R,VH_M_lateral_condyle_of_femur_inf_R,7486.86,Yes,Yes
VH_M_Knee_R,VH_M_intercondylar_fossa_R,58.2529,No,Yes
VH_M_Small_Intestine,VH_M_sphincter_of_hepatopancreatic_ampulla,218.958,Yes,Yes
VH_M_Small_Intestine,VH_M_ileum_terminal,17159.2,No,Yes
VH_M_Small_Intestine,VH_M_ileum,105394,No,Yes
VH_M_Small_Intestine,VH_M_duodenum_superior,3731.97,No,Yes
VH_M_Small_Intestine,VH_M_papilla_of_santorini,2.52473,Yes,Yes
VH_M_Small_Intestine,VH_M_duodenum_descending,3977.67,No,Yes
VH_M_Small_Intestine,VH_M_duodenal_ampulla,393.3,No,Yes
VH_M_Small_Intestine,VH_M_duodenum_ascending,7091.83,No,Yes
VH_M_Small_Intestine,VH_M_duodenum_horizonal,3490.86,No,Yes
VH_M_Small_Intestine,VH_M_jejunum,411064,No,Yes
VH_F_Ureter_R,VH_F_minor_calyx_R_i,32.6232,No,Yes
VH_F_Ureter_R,VH_F_renal_papilla_R_c,39.6097,Yes,Yes
VH_F_Ureter_R,VH_F_major_calyx_R_b,32.1566,No,Yes
VH_F_Ureter_R,VH_F_minor_calyx_R_h,25.9142,Yes,Yes
VH_F_Ureter_R,VH_F_renal_papilla_R_b,14.5667,Yes,Yes
VH_F_Ureter_R,VH_F_minor_calyx_R_c,35.0279,No,Yes
VH_F_Ureter_R,VH_F_renal_papilla_R_d,32.5197,Yes,Yes
VH_F_Ureter_R,VH_F_renal_papilla_R_f,14.5866,Yes,Yes
VH_F_Ureter_R,VH_F_renal_papilla_R_a,34.1758,Yes,Yes
VH_F_Ureter_R,VH_F_major_calyx_R_c,116.831,No,Yes
VH_F_Ureter_R,VH_F_major_calyx_R_a,73.3934,No,Yes
VH_F_Ureter_R,VH_F_minor_calyx_R_g,39.5502,Yes,Yes
VH_F_Ureter_R,VH_F_renal_papilla_R_i,25.4434,Yes,Yes
VH_F_Ureter_R,VH_F_minor_calyx_R_b,69.918,No,Yes
VH_F_Ureter_R,VH_F_minor_calyx_R_a,50.219,No,Yes
VH_F_Ureter_R,VH_F_minor_calyx_R_f,39.7513,No,Yes
VH_F_Ureter_R,VH_F_renal_pelvis_R,212.985,Yes,Yes
VH_F_Ureter_R,VH_F_renal_papilla_R_g,11.544,Yes,Yes
VH_F_Ureter_R,VH_F_minor_calyx_R_e,26.6829,No,Yes
VH_F_Ureter_R,VH_F_minor_calyx_R_d,52.9026,No,Yes
VH_F_Ureter_R,VH_F_renal_papilla_R_e,25.0623,Yes,Yes
VH_F_Ureter_R,VH_F_renal_papilla_R_j,22.2789,Yes,Yes
VH_F_Ureter_R,VH_F_renal_papilla_R_h,6.69812,Yes,Yes
VH_F_Ureter_R,VH_F_minor_calyx_R_j,57.0361,No,Yes
VH_F_Ureter_R,VH_F_right_ureter,830.538,Yes,Yes
VH_M_Kidney_R,VH_M_renal_papilla_R_f,12.7022,Yes,Yes
VH_M_Kidney_R,VH_M_renal_papilla_R_e,28.3043,Yes,Yes
VH_M_Kidney_R,VH_M_renal_papilla_R_b,14.0357,Yes,Yes
VH_M_Kidney_R,VH_M_renal_pyramid_e,798.43,Yes,Yes
VH_M_Kidney_R,VH_M_renal_papilla_R_i,48.6614,Yes,Yes
VH_M_Kidney_R,VH_M_renal_papilla_R_d,32.2764,Yes,Yes
VH_M_Kidney_R,VH_M_renal_pyramid_f,2368.49,Yes,Yes
VH_M_Kidney_R,VH_M_renal_papilla_R_j,28.1982,Yes,Yes
VH_M_Kidney_R,VH_M_renal_papilla_R_g,63.9818,Yes,Yes
VH_M_Kidney_R,VH_M_renal_papilla_R_h,68.4666,Yes,Yes
VH_M_Kidney_R,VH_M_hilum_of_kidney_R,4885.64,Yes,Yes
VH_M_Kidney_R,VH_M_renal_pyramid_c,1218.1,Yes,Yes
VH_M_Kidney_R,VH_M_outer_cortex_of_kidney_R,119073,No,Yes
VH_M_Kidney_R,VH_M_renal_pyramid_i,2212.11,Yes,Yes
VH_M_Kidney_R,VH_M_renal_pyramid_d,1911.8,Yes,Yes
VH_M_Kidney_R,VH_M_renal_pyramid_j,2097.76,Yes,Yes
VH_M_Kidney_R,VH_M_renal_pyramid_h,1619.53,Yes,Yes
VH_M_Kidney_R,VH_M_renal_pyramid_g,1923.68,Yes,Yes
VH_M_Kidney_R,VH_M_renal_papilla_R_a,22.4968,Yes,Yes
VH_M_Kidney_R,VH_M_renal_pyramid_b,1112.38,Yes,Yes
VH_M_Kidney_R,VH_M_renal_column_R,14020,No,Yes
VH_M_Kidney_R,VH_M_kidney_capsule_R,10669.1,No,Yes
VH_M_Kidney_R,VH_M_renal_papilla_R_c,11.9184,Yes,Yes
VH_M_Kidney_R,VH_M_renal_pyramid_a,4454.76,Yes,Yes
VH_M_Pelvis,VH_M_ischium_spongy_bone_L,76603.8,Yes,Yes
VH_M_Pelvis,VH_M_pubis_spongy_bone_R,41598,Yes,Yes
VH_M_Pelvis,VH_M_pubis_spongy_bone_L,44160.1,Yes,Yes
VH_M_Pelvis,VH_M_ilium_compact_bone_L,62173.4,Yes,Yes
VH_M_Pelvis,VH_M_coccyx,1314.56,Yes,Yes
VH_M_Pelvis,VH_M_ilium_spongy_bone_L,247965,Yes,Yes
VH_M_Pelvis,VH_M_ilium_compact_bone_R,61950.9,Yes,Yes
VH_M_Pelvis,VH_M_ilium_spongy_bone_R,253570,Yes,Yes
VH_M_Pelvis,VH_M_ischium_compact_bone_L,20040,Yes,Yes
VH_M_Pelvis,VH_M_pubis_compact_bone_R,15747.3,Yes,Yes
VH_M_Pelvis,VH_M_ischium_spongy_bone_R,70360.8,Yes,Yes
VH_M_Pelvis,VH_M_pubis_compact_bone_L,15826,Yes,Yes
VH_M_Pelvis,VH_M_ischium_compact_bone_R,18405.4,Yes,Yes
VH_M_Pelvis,VH_M_sacrum,281819,No,Yes
VH_M_Spinal_Cord,VH_M_C8_segment_of_cervical_spinal_cord,1442.91,Yes,Yes
VH_M_Spinal_Cord,VH_M_C2_segment_of_cervical_spinal_cord,915.662,Yes,Yes
VH_M_Spinal_Cord,VH_M_fourth_sacral_spinal_cord_segment,97.752,Yes,Yes
VH_M_Spinal_Cord,VH_M_second_sacral_spinal_cord_segment,384.023,Yes,Yes
VH_M_Spinal_Cord,VH_M_fifth_sacral_spinal_cord_segment,42.9743,Yes,Yes
VH_M_Spinal_Cord,VH_M_ninth_thoracic_spinal_cord_segment,881.708,Yes,Yes
VH_M_Spinal_Cord,VH_M_second_thoracic_spinal_cord_segment,1523.78,Yes,Yes
VH_M_Spinal_Cord,VH_M_third_sacral_spinal_cord_segment,205.329,Yes,Yes
VH_M_Spinal_Cord,VH_M_second_lumbar_spinal_cord_segment,854.843,Yes,Yes
VH_M_Spinal_Cord,VH_M_third_thoracic_spinal_cord_segment,1025.86,Yes,Yes
VH_M_Spinal_Cord,VH_M_fourth_thoracic_spinal_cord_segment,1311.34,Yes,Yes
VH_M_Spinal_Cord,VH_M_C7_segment_of_cervical_spinal_cord,1277.43,Yes,Yes
VH_M_Spinal_Cord,VH_M_C1_segment_of_cervical_spinal_cord,655.931,Yes,Yes
VH_M_Spinal_Cord,VH_M_eleventh_thoracic_spinal_cord_segment,758.602,Yes,Yes
VH_M_Spinal_Cord,VH_M_seventh_thoracic_spinal_cord_segment,1127.23,Yes,Yes
VH_M_Spinal_Cord,VH_M_fifth_lumbar_spinal_cord_segment,617.582,Yes,Yes
VH_M_Spinal_Cord,VH_M_C5_segment_of_cervical_spinal_cord,1901.21,Yes,Yes
VH_M_Spinal_Cord,VH_M_sixth_thoracic_spinal_cord_segment,1219.95,Yes,Yes
VH_M_Spinal_Cord,VH_M_twelfth_thoracic_spinal_cord_segment,758.101,Yes,Yes
VH_M_Spinal_Cord,VH_M_C6_segment_of_cervical_spinal_cord,1684.39,Yes,Yes
VH_M_Spinal_Cord,VH_M_tenth_thoracic_spinal_cord_segment,1153.98,Yes,Yes
VH_M_Spinal_Cord,VH_M_eighth_thoracic_spinal_cord_segment,1120.57,Yes,Yes
VH_M_Spinal_Cord,VH_M_C3_segment_of_cervical_spinal_cord,1569.89,Yes,Yes
VH_M_Spinal_Cord,VH_M_first_lumbar_spinal_cord_segment,803.899,Yes,Yes
VH_M_Spinal_Cord,VH_M_C4_segment_of_cervical_spinal_cord,1216.4,Yes,Yes
VH_M_Spinal_Cord,VH_M_fifth_thoracic_spinal_cord_segment,1006.19,Yes,Yes
VH_M_Spinal_Cord,VH_M_first_thoracic_spinal_cord_segment,1212.2,Yes,Yes
VH_M_Spinal_Cord,VH_M_first_sacral_spinal_cord_segment,403.729,Yes,Yes
VH_M_Spinal_Cord,VH_M_fourth_lumbar_spinal_cord_segment,598.403,Yes,Yes
VH_M_Spinal_Cord,VH_M_third_lumbar_spinal_cord_segment,636.718,Yes,Yes
VH_M_Thymus,VH_M_thymus_lobe_R,6025.95,Yes,Yes
VH_M_Thymus,VH_M_thymus_lobe_L,4167.59,Yes,Yes
VH_M_Urinary_Bladder,VH_M_ureteral_orifice_R,-172.678,Yes,Yes
VH_M_Urinary_Bladder,VH_M_urinary_bladder_neck_smooth_muscle,29.4166,No,Yes
VH_M_Urinary_Bladder,VH_M_fundus_of_urinary_bladder_base1,4602.28,No,Yes
VH_M_Urinary_Bladder,VH_M_fundus_of_urinary_bladder_dome,3655.44,No,Yes
VH_M_Urinary_Bladder,VH_M_ureteral_orifice_L,-304.643,Yes,Yes
VH_M_Urinary_Bladder,VH_M_trigone_of_urinary_bladder,150.508,No,Yes
